Date,Market,Week,Premiums,Agents,Commission,Events ,TV_C1,TV_C2,Social,OOH,Airport,Radio_S1,Radio_S2,Instore,Search,Videos,Income,Covid
02-07-2018,Market_M,WEEK 1,27211940.0,3101.76,1094589,29.7,25.82,20.19,0.0,0.0,0.0,0.0,0.0,25.82,33.0,0.0,47702.69,0
09-07-2018,Market_M,WEEK 2,27287520.0,3106.08,1116600,31.26,0.0,0.0,34.69,0.0,0.0,0.0,0.0,0.0,34.69,0.0,47652.66,0
16-07-2018,Market_M,WEEK 3,28841934.5,3104.64,1139846,32.9,0.0,0.0,61.97,0.0,0.0,0.0,0.0,0.0,61.97,0.0,47602.67,0
23-07-2018,Market_M,WEEK 4,28067081.0,3098.88,1122010,31.34,0.0,0.0,67.03,0.0,0.0,0.0,0.0,0.0,67.03,0.0,47552.74,0
30-07-2018,Market_M,WEEK 5,27601825.5,3103.2,1080912,29.84,0.0,0.0,2.31,0.0,0.0,0.0,0.0,0.0,2.31,0.0,47502.87,0
06-08-2018,Market_M,WEEK 6,26324340.0,3097.44,1047379,28.42,0.0,0.0,3.83,0.0,0.0,0.0,0.0,0.0,3.83,0.0,47453.04,0
13-08-2018,Market_M,WEEK 7,25749898.5,3100.32,1028836,29.92,0.0,0.0,3.88,0.0,0.0,0.0,0.0,0.0,3.88,0.0,47403.27,0
20-08-2018,Market_M,WEEK 8,25735485.0,3106.08,1021152,31.49,0.0,0.0,9.63,0.0,0.0,0.0,0.0,0.0,9.63,0.0,47353.54,0
27-08-2018,Market_M,WEEK 9,25826354.5,3101.76,1016912,29.99,0.0,0.0,26.44,0.0,0.0,0.0,0.0,0.0,26.44,0.0,47303.88,0
03-09-2018,Market_M,WEEK 10,25871218.5,3107.52,1016009,31.57,0.0,0.0,39.37,0.0,0.0,0.0,0.0,0.0,39.37,0.0,47254.26,0
10-09-2018,Market_M,WEEK 11,25021631.5,3107.52,973905,33.23,0.0,0.0,47.0,0.0,0.0,0.0,0.0,0.0,47.0,0.0,47204.69,0
17-09-2018,Market_M,WEEK 12,27157555.0,3111.84,1034515,34.98,50.81,0.0,42.25,0.0,0.0,0.0,0.0,50.81,42.25,0.0,47155.18,0
24-09-2018,Market_M,WEEK 13,27549675.5,3113.28,1084461,33.32,41.35,0.0,43.88,0.0,0.0,111.24,0.0,41.35,54.84,0.0,47105.72,0
01-10-2018,Market_M,WEEK 14,28659591.0,3116.16,1110840,35.07,60.54,0.0,41.85,0.0,0.0,211.95,0.0,60.54,172.38,0.0,47056.31,0
08-10-2018,Market_M,WEEK 15,29820330.5,3107.52,1165878,36.92,68.14,0.0,33.58,0.0,0.0,255.94,0.0,68.14,269.95,0.0,47006.95,0
15-10-2018,Market_M,WEEK 16,46225784.5,3113.28,1774869,35.16,137.87,0.0,27.33,0.0,0.0,138.17,0.0,137.87,311.57,0.0,46957.65,0
22-10-2018,Market_M,WEEK 17,42493609.5,3113.28,1649468,37.01,63.31,0.0,13.48,0.0,0.0,130.42,0.0,63.31,164.48,0.0,46908.39,0
29-10-2018,Market_M,WEEK 18,26430028.0,3120.48,1068944,35.25,37.37,0.0,7.44,0.0,0.0,9.15,0.0,37.37,149.0,0.0,46859.19,0
05-11-2018,Market_M,WEEK 19,27362933.0,3113.28,1093707,33.57,8.51,0.0,6.84,0.0,0.0,0.65,0.0,8.51,28.88,0.0,46810.04,0
12-11-2018,Market_M,WEEK 20,26349322.5,3110.4,1073008,35.34,2.58,0.0,12.6,0.0,0.0,0.05,0.0,2.58,14.66,0.0,46760.94,0
19-11-2018,Market_M,WEEK 21,25944170.0,3108.96,1052228,37.2,0.9,0.0,20.44,0.0,0.0,0.0,0.0,0.9,20.64,0.0,46711.89,0
26-11-2018,Market_M,WEEK 22,26762489.5,3106.08,1106419,35.42,0.34,0.0,28.5,0.0,0.0,0.0,0.0,0.34,28.53,0.0,46662.9,0
03-12-2018,Market_M,WEEK 23,28236599.5,3111.84,1115642,37.29,0.13,0.0,36.37,0.0,0.0,0.0,0.0,0.13,36.37,0.0,46613.95,0
10-12-2018,Market_M,WEEK 24,28449577.0,3117.6,1125197,39.25,0.05,0.0,41.98,0.0,0.0,0.0,0.0,0.05,41.98,0.0,46565.06,0
17-12-2018,Market_M,WEEK 25,31088857.5,3114.72,1266515,37.38,0.0,0.0,12.55,0.0,0.0,0.0,0.0,0.0,12.55,0.0,46516.22,0
24-12-2018,Market_M,WEEK 26,29333938.5,3108.96,1196788,35.6,0.0,0.0,11.35,0.0,0.0,0.0,0.0,0.0,11.35,0.0,46467.43,0
31-12-2018,Market_M,WEEK 27,28140189.5,3103.2,1164209,37.48,0.0,0.0,0.87,0.0,0.0,0.0,0.0,0.0,0.87,0.0,46418.69,0
07-01-2019,Market_M,WEEK 28,27303105.0,3101.76,1152658,39.45,0.0,0.0,0.0,0.0,0.0,0.0,0.0,0.0,0.0,0.0,46370.0,0
14-01-2019,Market_M,WEEK 29,28222916.5,3101.76,1101103,41.53,83.18,0.0,12.46,0.0,0.0,129.43,0.0,83.18,12.46,0.0,46418.69,0
21-01-2019,Market_M,WEEK 30,27883680.5,3104.64,1098444,43.71,76.99,0.0,18.07,0.0,0.0,133.86,0.0,76.99,147.5,0.0,46467.43,0
28-01-2019,Market_M,WEEK 31,27863392.5,3106.08,1173019,41.63,132.93,0.0,19.51,0.0,0.0,0.0,0.0,132.93,157.66,0.0,46516.22,0
04-02-2019,Market_M,WEEK 32,28484907.0,3101.76,1185611,43.82,0.0,0.0,22.02,0.0,0.0,0.0,0.0,0.0,27.61,0.0,46565.06,0
11-02-2019,Market_M,WEEK 33,28021998.5,3098.88,1153368,46.13,0.0,0.0,43.23,0.0,0.0,0.0,0.0,0.0,56.78,0.0,46613.95,0
18-02-2019,Market_M,WEEK 34,27990205.5,3106.08,1167952,43.93,103.94,0.0,57.57,0.0,0.0,0.0,0.0,103.94,85.39,0.0,46662.9,0
25-02-2019,Market_M,WEEK 35,33436370.0,3104.64,1418011,41.84,177.26,0.0,66.45,0.0,0.0,30.02,0.0,177.26,105.17,0.0,46711.89,0
04-03-2019,Market_M,WEEK 36,33322521.0,3087.36,1395637,44.04,209.25,0.0,73.07,0.0,0.0,49.98,0.0,209.25,148.54,0.0,46760.94,0
11-03-2019,Market_M,WEEK 37,33197597.5,3081.6,1400754,41.94,230.38,0.0,75.7,0.0,0.0,50.38,0.0,230.38,177.85,0.0,46810.04,0
18-03-2019,Market_M,WEEK 38,35337310.0,3083.04,1462132,39.95,170.72,0.0,72.67,0.0,0.0,50.27,0.0,170.72,175.79,0.0,46859.19,0
25-03-2019,Market_M,WEEK 39,33662926.0,3087.36,1434076,38.04,160.22,0.0,76.76,0.0,0.0,86.53,0.0,160.22,179.03,0.0,46908.39,0
01-04-2019,Market_M,WEEK 40,30659783.0,3091.68,1297303,36.23,121.51,0.0,74.11,0.0,0.0,20.85,0.0,121.51,220.04,0.0,46957.65,0
08-04-2019,Market_M,WEEK 41,30561063.5,3084.48,1261169,38.14,100.6,0.0,10.0,0.0,0.0,20.26,0.0,100.6,42.17,0.0,47006.95,0
15-04-2019,Market_M,WEEK 42,28642257.0,3084.48,1194577,40.15,80.65,0.0,11.67,0.0,0.0,0.0,0.0,80.65,33.14,0.0,47056.31,0
22-04-2019,Market_M,WEEK 43,30243536.5,3078.72,1238001,38.23,75.53,0.0,10.25,0.0,0.0,0.0,0.0,75.53,10.25,0.0,47105.72,0
29-04-2019,Market_M,WEEK 44,30945661.0,3088.8,1295432,36.41,113.36,0.0,0.0,0.0,0.0,0.0,0.0,113.36,0.0,0.0,47155.18,0
06-05-2019,Market_M,WEEK 45,30290590.5,3087.36,1251325,34.68,22.1,0.0,0.0,0.0,0.0,0.0,0.0,22.1,0.0,0.0,47204.69,0
13-05-2019,Market_M,WEEK 46,30219545.5,3096.0,1239400,36.51,11.83,0.0,0.0,0.0,0.0,0.0,0.0,11.83,0.0,0.0,47254.26,0
20-05-2019,Market_M,WEEK 47,30091757.5,3097.44,1201260,48.05,11.8,0.0,0.0,0.0,0.0,0.0,0.0,11.8,0.0,0.0,47303.88,0
27-05-2019,Market_M,WEEK 48,30127586.5,3101.76,1193521,63.43,0.0,0.0,22.31,0.0,0.0,0.0,0.0,0.0,22.31,0.0,47353.54,0
03-06-2019,Market_M,WEEK 49,30135798.0,3106.08,1232749,80.97,0.0,0.0,36.17,0.0,0.0,0.0,0.0,0.0,36.17,0.0,47403.27,0
10-06-2019,Market_M,WEEK 50,27070699.5,3103.2,1147328,101.05,0.0,0.0,34.64,0.0,0.0,0.0,0.0,0.0,34.64,0.0,47453.04,0
17-06-2019,Market_M,WEEK 51,27084947.5,3098.88,1096609,122.33,0.0,0.0,34.83,0.0,0.0,0.0,0.0,0.0,34.83,0.0,47502.87,0
24-06-2019,Market_M,WEEK 52,26735975.0,3103.2,1082658,78.73,0.0,0.0,32.93,0.0,0.0,0.0,0.0,0.0,32.93,0.0,47552.74,0
01-07-2019,Market_M,WEEK 1,29040168.5,3104.64,1197201,64.02,0.0,0.0,321.85,0.0,0.0,0.0,0.0,0.0,321.85,0.0,47602.67,0
08-07-2019,Market_M,WEEK 2,29044218.0,3110.4,1193873,58.76,0.0,0.0,38.93,0.0,1.42,0.0,0.0,0.0,40.35,0.0,47652.66,0
15-07-2019,Market_M,WEEK 3,28602991.0,3100.32,1135032,72.48,0.0,0.0,63.01,0.0,1.42,0.0,0.0,0.0,64.43,0.0,47702.69,0
22-07-2019,Market_M,WEEK 4,27090495.5,3100.32,1116664,85.82,0.0,0.0,80.25,0.0,1.42,0.0,0.0,0.0,81.67,0.0,47752.78,0
29-07-2019,Market_M,WEEK 5,28498424.5,3110.4,1149996,53.28,0.0,0.0,32.43,0.0,1.42,0.0,0.0,0.0,33.84,0.0,47802.92,0
05-08-2019,Market_M,WEEK 6,27552451.5,3110.4,1132494,70.82,0.0,0.0,58.8,0.0,1.42,0.0,0.0,0.0,60.21,0.0,47853.11,0
12-08-2019,Market_M,WEEK 7,27426265.5,3121.92,1078044,76.61,0.0,0.0,74.72,0.0,1.42,0.0,0.0,0.0,76.14,0.0,47903.36,0
19-08-2019,Market_M,WEEK 8,27446198.5,3123.36,1094461,89.6,0.0,0.0,97.11,0.0,1.42,0.0,0.0,0.0,98.53,0.0,47953.66,0
26-08-2019,Market_M,WEEK 9,23784248.0,3123.36,1096577,113.24,0.0,0.0,46.36,0.0,1.42,0.0,0.0,0.0,47.78,0.0,48004.01,0
02-09-2019,Market_M,WEEK 10,27324950.5,3108.96,1023609,63.93,0.0,0.0,9.43,0.0,1.42,0.0,0.0,0.0,10.84,0.0,48054.41,0
09-09-2019,Market_M,WEEK 11,27684429.0,3114.72,1116445,47.32,0.0,0.0,0.0,0.0,1.42,0.0,0.0,0.0,1.42,0.0,48104.87,0
16-09-2019,Market_M,WEEK 12,28082061.5,3120.48,1124613,59.61,0.0,0.0,24.89,0.0,1.42,0.0,0.0,0.0,26.3,0.0,48155.38,0
23-09-2019,Market_M,WEEK 13,28581824.5,3116.16,1123615,72.14,0.0,0.0,36.63,0.0,1.42,0.0,0.0,0.0,38.04,0.0,48205.94,0
30-09-2019,Market_M,WEEK 14,29318772.5,3117.6,1166887,88.53,0.0,0.0,32.41,0.0,1.42,0.0,0.0,0.0,33.83,0.0,48256.56,0
07-10-2019,Market_M,WEEK 15,28197269.0,3113.28,1137014,105.21,0.0,0.0,30.53,0.0,1.42,0.0,0.0,0.0,31.95,0.0,48307.23,0
14-10-2019,Market_M,WEEK 16,28028702.5,3123.36,1113041,74.23,0.0,0.0,35.26,0.0,1.42,0.0,0.0,0.0,36.67,0.0,48357.95,0
21-10-2019,Market_M,WEEK 17,27538052.5,3134.88,1111939,96.07,0.0,0.0,15.8,0.0,1.42,0.0,0.0,0.0,17.22,0.0,48408.73,0
28-10-2019,Market_M,WEEK 18,28628505.5,3119.04,1119532,116.11,0.0,0.0,6.51,0.0,1.42,0.0,0.0,0.0,7.92,0.0,48459.56,0
04-11-2019,Market_M,WEEK 19,29042656.0,3123.36,1190801,138.15,0.0,0.0,0.0,0.0,1.42,0.0,0.0,0.0,1.42,0.0,48510.44,0
11-11-2019,Market_M,WEEK 20,28102280.5,3110.4,1146334,162.08,0.0,0.0,6.87,0.0,1.42,0.0,0.0,0.0,8.29,0.0,48561.37,0
18-11-2019,Market_M,WEEK 21,29013257.5,3120.48,1170936,191.07,0.0,0.0,10.85,0.0,1.42,0.0,0.0,0.0,12.27,0.0,48612.36,0
25-11-2019,Market_M,WEEK 22,27765489.5,3110.4,1144692,133.08,0.0,0.0,13.27,0.0,1.42,0.0,0.0,0.0,14.69,0.0,48663.41,0
02-12-2019,Market_M,WEEK 23,30196490.5,3114.72,1209395,97.22,0.0,0.0,15.77,0.0,1.42,0.0,0.0,0.0,17.19,0.0,48714.5,0
09-12-2019,Market_M,WEEK 24,30972030.5,3110.4,1307459,116.03,0.0,0.0,18.17,0.0,1.42,0.0,0.0,0.0,19.58,0.0,48765.65,0
16-12-2019,Market_M,WEEK 25,30961761.5,3108.96,1281163,139.02,0.0,0.0,19.67,0.0,1.42,0.0,0.0,0.0,21.09,0.0,48816.86,0
23-12-2019,Market_M,WEEK 26,29329700.5,3097.44,1261154,164.96,0.0,0.0,21.84,0.0,1.42,0.0,0.0,0.0,23.26,0.0,48868.12,0
30-12-2019,Market_M,WEEK 27,29940343.5,3096.0,1249169,195.7,0.0,0.0,24.71,0.0,1.42,0.0,0.0,0.0,26.12,0.0,48919.43,0
06-01-2020,Market_M,WEEK 28,30488310.5,3096.0,1317583,130.29,0.0,0.0,12.17,0.0,1.42,8.92,0.0,0.0,13.58,0.0,48970.79,0
13-01-2020,Market_M,WEEK 29,31744402.0,3098.88,1262103,95.98,37.6,0.0,25.09,93.67,2.49,4.0,0.0,37.6,223.84,0.0,49022.21,0
20-01-2020,Market_M,WEEK 30,30883170.5,3093.12,1273579,62.61,34.88,0.0,38.99,164.86,3.31,4.36,0.0,34.88,387.39,0.0,49073.69,0
27-01-2020,Market_M,WEEK 31,30951685.5,3100.32,1307223,43.85,19.88,0.0,48.62,125.29,3.93,4.18,0.0,19.88,344.44,0.0,49125.21,0
03-02-2020,Market_M,WEEK 32,31056493.5,3097.44,1276859,56.13,37.92,0.0,55.76,95.23,4.4,4.18,0.0,37.92,312.16,0.0,49176.79,0
10-02-2020,Market_M,WEEK 33,29736511.5,3097.44,1254852,68.37,36.5,0.0,58.39,72.37,4.76,8.65,0.0,36.5,295.34,0.0,49228.43,0
17-02-2020,Market_M,WEEK 34,29168923.5,3085.92,1195348,80.56,43.05,0.0,49.68,55.0,5.03,9.17,0.0,43.05,267.49,0.0,49280.12,0
24-02-2020,Market_M,WEEK 35,37334895.5,3096.0,1609961,95.14,26.78,0.0,43.7,41.8,5.24,9.17,0.0,26.78,238.94,0.0,48836.6,0
02-03-2020,Market_M,WEEK 36,32157060.5,3091.68,1420403,107.78,20.35,0.0,33.22,31.77,5.4,4.62,0.0,20.35,197.37,0.0,48397.07,0
09-03-2020,Market_M,WEEK 37,30707143.5,3090.24,1382475,121.27,0.0,0.0,0.0,0.0,1.42,4.44,0.0,0.0,25.4,0.0,47961.5,0
16-03-2020,Market_M,WEEK 38,27877208.0,3084.48,1237071,86.96,0.0,0.0,0.0,0.0,1.42,0.0,0.0,0.0,5.88,0.0,47529.84,0
23-03-2020,Market_M,WEEK 39,24007921.5,3067.2,1091796,71.3,0.0,0.0,0.0,0.0,1.42,0.0,0.0,0.0,1.42,0.0,47102.07,0
30-03-2020,Market_M,WEEK 40,23400492.5,3054.24,1072244,82.3,0.0,0.0,0.0,0.0,1.42,0.0,0.0,0.0,1.42,0.0,46678.15,1
06-04-2020,Market_M,WEEK 41,22038277.5,3055.68,1045699,97.79,0.0,0.0,0.0,0.0,0.0,0.0,0.0,0.0,43.86,0.0,46258.05,1
13-04-2020,Market_M,WEEK 42,25067011.0,3036.96,1238278,116.33,0.0,0.0,0.0,0.0,0.0,0.0,0.0,0.0,71.71,0.0,45841.73,1
20-04-2020,Market_M,WEEK 43,25725845.0,3039.84,1233624,137.01,0.0,0.0,0.0,0.0,0.0,0.0,0.0,0.0,71.54,0.0,45429.15,1
27-04-2020,Market_M,WEEK 44,30552616.0,3045.6,1412296,156.07,13.25,0.0,0.0,0.0,0.0,0.0,0.0,13.25,72.98,0.0,45020.29,1
04-05-2020,Market_M,WEEK 45,30516415.0,3044.16,1428042,179.64,5.55,0.0,0.0,0.0,0.0,0.0,0.0,5.55,129.78,0.0,44615.11,1
11-05-2020,Market_M,WEEK 46,32177414.5,3110.4,1459061,173.68,4.22,0.0,26.69,0.0,0.0,0.0,0.0,4.22,199.17,0.0,44213.57,1
18-05-2020,Market_M,WEEK 47,32233379.0,3120.48,1406754,75.54,70.99,0.0,35.48,0.0,0.0,0.0,0.0,70.99,236.59,0.0,43815.65,1
25-05-2020,Market_M,WEEK 48,31620019.0,3110.4,1371361,20.28,78.23,0.0,47.07,0.0,222.31,0.0,0.0,78.23,504.01,0.0,43421.31,1
01-06-2020,Market_M,WEEK 49,34134453.0,3114.72,1504605,32.87,66.81,0.0,61.48,0.0,129.76,0.0,0.0,66.81,470.38,0.0,43030.52,1
08-06-2020,Market_M,WEEK 50,32107270.5,3110.4,1413870,47.48,76.1,0.0,65.06,0.0,520.45,0.0,0.0,76.1,918.9,0.0,42643.24,1
15-06-2020,Market_M,WEEK 51,30972740.5,3108.96,1313679,63.37,34.73,0.0,47.65,0.0,748.41,0.0,0.0,34.73,1168.56,0.0,43194.55,1
22-06-2020,Market_M,WEEK 52,30655305.5,3097.44,1331242,78.03,7.26,0.0,45.36,0.0,881.45,0.0,0.0,7.26,1269.69,0.0,43752.98,1
29-06-2020,Market_M,WEEK 1,30399821.0,3096.0,1343382,93.32,0.0,0.0,33.33,0.0,669.93,25.74,0.0,0.0,1019.2,0.0,44318.64,1
06-07-2020,Market_M,WEEK 2,32555741.0,3096.0,1397234,61.89,41.3,0.0,18.13,358.44,510.88,58.4,0.0,41.3,1511.76,0.0,44891.61,1
13-07-2020,Market_M,WEEK 3,31792089.5,3098.88,1423801,70.31,30.32,0.0,25.23,358.73,390.01,58.63,0.0,30.32,1375.66,2.06,45471.98,1
20-07-2020,Market_M,WEEK 4,31387153.0,3093.12,1370952,41.92,34.48,0.0,22.74,358.73,298.14,58.27,0.0,34.48,1237.81,2.13,46059.86,1
27-07-2020,Market_M,WEEK 5,31808409.0,3100.32,1394733,29.14,18.92,0.0,20.08,358.73,228.32,56.17,0.0,18.92,1131.35,1.79,46655.34,1
03-08-2020,Market_M,WEEK 6,33445229.0,3097.44,1356497,43.18,31.81,0.0,27.83,358.73,175.26,53.28,0.0,31.81,1058.31,1.47,47258.51,1
10-08-2020,Market_M,WEEK 7,31390276.0,3097.44,1340961,58.86,10.64,0.0,30.49,358.73,134.93,56.46,0.0,10.64,998.61,1.55,47869.49,1
17-08-2020,Market_M,WEEK 8,31468134.5,3085.92,1301381,74.48,27.88,0.0,26.67,358.73,104.28,65.79,0.0,27.88,953.08,1.91,48488.36,1
24-08-2020,Market_M,WEEK 9,30261641.5,3096.0,1269385,42.57,9.6,0.0,43.19,622.13,80.99,58.99,0.0,9.6,1471.74,2.33,49115.24,1
31-08-2020,Market_M,WEEK 10,32138467.5,3080.0,1621729,19.66,4.15,0.0,42.91,815.73,63.29,54.97,0.0,4.15,1825.5,2.11,49750.22,1
07-09-2020,Market_M,WEEK 11,32220942.5,3081.0,1626142,31.93,3.15,0.0,42.3,958.03,49.83,50.72,0.0,3.15,2085.77,2.28,50393.4,1
14-09-2020,Market_M,WEEK 12,32282557.0,3081.0,1629564,47.06,2.4,0.0,36.66,1062.63,39.6,74.51,0.0,2.4,2270.5,2.81,51044.91,1
21-09-2020,Market_M,WEEK 13,32909741.5,3080.0,1660754,62.47,3.46,0.0,44.4,1139.51,31.83,59.07,0.0,3.46,2444.73,3.22,51704.83,1
28-09-2020,Market_M,WEEK 14,33171679.0,3084.0,1674021,78.06,25.64,0.0,74.05,1196.02,25.92,46.27,0.0,25.64,2620.62,60.61,52373.29,1
05-10-2020,Market_M,WEEK 15,32769528.0,3078.0,1666830,97.0,45.14,0.0,85.12,1237.55,21.43,38.05,0.0,45.14,2711.27,76.54,53050.39,1
12-10-2020,Market_M,WEEK 16,32183173.5,3076.0,1657405,114.86,75.53,0.0,109.35,1268.08,18.02,33.87,0.0,75.53,2818.03,111.28,53736.25,1
19-10-2020,Market_M,WEEK 17,31380857.5,3083.0,1615976,132.23,64.43,0.0,96.68,1322.19,2777.52,28.03,0.0,64.43,5764.8,208.42,54430.97,1
26-10-2020,Market_M,WEEK 18,28752177.0,3078.0,1663144,151.01,51.71,102.2,234.67,1004.87,2111.06,23.82,0.0,51.71,4621.68,235.2,55134.67,1
02-11-2020,Market_M,WEEK 19,33511113.0,3084.0,1700660,170.85,59.29,240.1,315.1,763.7,1604.44,23.17,180.37,59.29,3727.6,254.56,55847.47,1
09-11-2020,Market_M,WEEK 20,31427149.0,3081.0,1597007,190.94,327.86,389.87,316.55,580.42,1219.41,121.98,378.61,327.86,3094.23,372.53,56569.49,1
16-11-2020,Market_M,WEEK 21,31888567.5,3087.0,1619988,217.44,235.03,343.12,328.2,441.12,926.79,274.38,205.11,235.03,2496.04,235.51,57300.84,1
23-11-2020,Market_M,WEEK 22,30643944.0,3090.0,1557009,240.73,304.08,491.03,296.5,335.26,704.39,429.43,364.71,304.08,2173.67,226.88,58041.65,1
30-11-2020,Market_M,WEEK 23,32532820.5,3092.0,1651523,271.59,368.93,453.21,263.41,254.8,535.37,424.76,408.06,368.93,1975.36,236.78,58792.03,1
07-12-2020,Market_M,WEEK 24,33322771.5,3092.0,1687620,308.1,271.64,342.34,249.1,193.65,406.91,443.78,243.92,271.64,1657.81,189.16,59552.11,1
14-12-2020,Market_M,WEEK 25,34824425.5,3100.0,1762269,377.41,383.4,277.8,364.9,147.18,309.29,814.31,326.92,383.4,1720.13,307.36,60322.02,1
21-12-2020,Market_M,WEEK 26,36281399.5,3095.0,1834275,525.59,600.09,475.07,468.76,111.86,235.09,868.07,606.71,600.09,2178.23,436.03,61101.89,1
28-12-2020,Market_M,WEEK 27,39790122.0,3090.0,2013004,496.52,985.52,965.3,411.48,85.02,178.69,659.75,663.18,985.52,2015.18,386.64,61280.82,1
04-01-2021,Market_M,WEEK 28,45165399.0,3091.0,2283708,22.39,751.46,733.84,338.22,64.61,135.84,501.43,504.02,751.46,1638.41,375.18,61460.27,1
11-01-2021,Market_M,WEEK 29,50005999.5,3085.0,2527808,33.23,600.22,557.78,468.27,49.11,103.26,477.66,383.46,600.22,1551.86,380.52,61640.25,1
18-01-2021,Market_M,WEEK 30,49040121.0,3089.0,2479089,54.23,548.47,942.82,729.22,37.33,78.5,389.52,555.18,548.47,1967.91,607.75,61820.75,1
25-01-2021,Market_M,WEEK 31,33579533.5,3090.0,1704618,52.32,481.48,799.94,633.45,28.37,59.69,334.93,671.67,481.48,1787.29,647.8,62001.78,1
01-02-2021,Market_M,WEEK 32,33906838.5,3088.0,1721724,54.7,429.97,522.51,497.79,21.56,45.38,366.76,733.73,429.97,1444.69,523.39,62183.35,1
08-02-2021,Market_M,WEEK 33,32973659.0,3087.0,1673938,77.38,382.83,449.7,469.97,16.39,34.51,340.11,734.29,382.83,1392.12,488.03,62365.44,1
15-02-2021,Market_M,WEEK 34,31700140.5,3079.0,1610087,100.06,290.45,341.85,465.9,12.46,26.25,375.99,646.1,290.45,1292.21,434.99,62548.07,1
22-02-2021,Market_M,WEEK 35,47711394.0,3081.0,2410992,122.77,296.84,405.93,584.27,9.47,19.97,407.68,656.8,296.84,1494.89,495.68,62731.23,1
01-03-2021,Market_M,WEEK 36,34083485.0,3081.0,1729309,150.33,286.86,450.41,492.24,7.2,15.2,428.3,664.22,286.86,1409.21,479.67,62914.93,1
08-03-2021,Market_M,WEEK 37,35585421.5,3080.0,1804370,76.02,272.98,425.28,420.87,5.48,11.57,379.77,667.94,272.98,1334.3,462.59,63099.17,1
15-03-2021,Market_M,WEEK 38,38333630.0,3079.0,1942715,98.48,261.06,405.01,360.85,4.16,8.81,351.16,595.2,261.06,1219.94,462.18,63283.95,1
22-03-2021,Market_M,WEEK 39,37327040.0,3087.0,1892311,123.42,330.53,531.17,321.96,3.17,6.71,318.77,479.59,330.53,1060.48,374.3,63469.26,1
29-03-2021,Market_M,WEEK 40,35965279.0,3078.0,1820770,148.18,333.23,532.33,289.34,2.41,5.11,242.28,401.2,333.23,955.04,336.99,63655.12,1
05-04-2021,Market_M,WEEK 41,40859504.5,3082.0,2066662,174.95,268.53,404.67,255.84,1.83,3.9,289.44,305.25,268.53,816.6,310.9,63841.53,1
12-04-2021,Market_M,WEEK 42,39011095.0,3085.0,1974352,206.06,291.76,439.01,218.98,1.39,2.98,318.22,403.31,291.76,916.56,402.37,64028.48,1
19-04-2021,Market_M,WEEK 43,38417003.5,3081.0,1944304,240.32,319.42,522.01,251.97,1.06,2.27,346.77,475.58,319.42,1040.75,466.16,64215.98,1
26-04-2021,Market_M,WEEK 44,38005979.5,3084.0,1923734,286.51,322.14,565.0,252.92,0.81,1.74,365.68,532.64,322.14,1097.22,494.17,64404.03,1
03-05-2021,Market_M,WEEK 45,37798886.0,3082.0,1913583,109.29,332.79,447.03,280.26,0.62,1.33,381.59,497.18,332.79,1138.41,489.9,64592.62,1
10-05-2021,Market_M,WEEK 46,38179366.0,3081.0,1933349,130.48,333.44,361.55,265.13,0.47,1.02,409.92,472.23,333.44,1146.4,497.72,64781.77,1
17-05-2021,Market_M,WEEK 47,38628028.0,3084.0,1956267,26.91,293.36,328.72,274.0,0.36,0.79,346.09,431.45,293.36,1078.98,393.56,64971.48,1
24-05-2021,Market_M,WEEK 48,35793344.5,3086.0,1813601,32.73,263.45,282.72,210.44,0.27,0.6,372.25,400.25,263.45,864.22,306.53,65161.74,1
31-05-2021,Market_M,WEEK 49,36451308.5,3079.0,1846740,49.94,265.17,312.08,143.98,0.21,0.47,386.18,442.98,265.17,786.16,269.04,65352.55,1
07-06-2021,Market_M,WEEK 50,35433512.5,3085.0,1840147,69.19,260.79,279.97,130.37,0.16,0.36,293.52,478.78,260.79,735.11,217.88,65543.93,1
14-06-2021,Market_M,WEEK 51,34012375.0,3090.0,1773600,88.33,198.28,214.71,137.92,0.12,0.28,223.09,363.96,198.28,601.18,169.21,65735.86,1
21-06-2021,Market_M,WEEK 52,33369876.0,3081.0,1699790,104.91,150.89,163.25,130.97,0.09,0.22,169.57,276.67,150.89,492.4,137.94,65928.36,1
28-06-2021,Market_M,WEEK 1,32974064.0,3081.0,1672952,122.14,119.44,124.14,68.33,0.07,0.17,155.25,210.28,119.44,351.71,113.5,66121.42,1
05-07-2021,Market_M,WEEK 2,33961759.0,3084.0,1722103,142.32,117.85,139.75,85.04,0.06,0.13,145.08,159.82,117.85,385.0,144.46,66315.05,1
12-07-2021,Market_M,WEEK 3,34121076.0,3085.0,1729435,163.16,111.96,138.57,84.27,0.04,0.11,138.41,121.47,111.96,370.14,140.59,66509.25,1
19-07-2021,Market_M,WEEK 4,34390938.0,3078.0,1741095,188.75,106.58,120.94,68.23,0.03,0.08,129.47,92.32,106.58,347.91,141.12,66704.01,1
26-07-2021,Market_M,WEEK 5,34125074.5,3077.0,1727416,214.78,110.98,107.07,69.3,0.03,0.07,123.65,70.17,110.98,344.53,145.65,66899.34,1
02-08-2021,Market_M,WEEK 6,33075230.5,3076.0,1674662,242.68,108.73,101.1,65.03,0.02,0.05,118.72,53.33,108.73,331.49,142.72,67095.25,1
09-08-2021,Market_M,WEEK 7,33571254.5,3084.0,1699772,274.87,105.94,95.19,74.96,0.02,0.04,141.07,40.54,105.94,348.37,154.62,67291.72,1
16-08-2021,Market_M,WEEK 8,33427849.0,3089.0,1692722,308.75,105.89,90.56,87.08,0.01,0.03,161.5,30.81,105.89,475.21,247.01,67488.78,1
23-08-2021,Market_M,WEEK 9,35831883.0,3088.0,1813713,342.12,122.31,105.61,86.59,0.01,0.03,194.86,23.42,122.31,628.55,380.42,67686.41,1
30-08-2021,Market_M,WEEK 10,34029456.0,3085.0,1723945,279.06,131.77,113.15,88.81,0.01,0.02,157.17,17.8,131.77,776.31,492.61,67884.62,1
06-09-2021,Market_M,WEEK 11,34758751.5,3087.0,1760088,262.05,116.06,80.43,92.68,0.01,0.02,165.07,13.53,116.06,708.13,458.25,68083.41,1
13-09-2021,Market_M,WEEK 12,36699235.5,3083.0,1856028,264.16,109.06,102.84,100.86,0.0,0.01,90.21,10.29,109.06,758.97,493.02,68282.78,1
20-09-2021,Market_M,WEEK 13,36715538.0,3083.0,1857020,266.3,49.6,155.56,49.07,0.0,0.0,4.42,3.65,49.6,448.69,309.41,68482.74,1
27-09-2021,Market_M,WEEK 14,21100049.5,3085.0,1981433,268.43,6.99,5.57,20.83,0.0,0.0,0.0,1.31,6.99,76.24,50.99,68683.28,1
02-07-2018,Market_W,WEEK 1,13099791.5,3097.0,658866,29.7,115.51,45.2,0.0,0.0,0.0,0.0,0.0,115.51,0.0,0.0,47702.69,0
09-07-2018,Market_W,WEEK 2,12859450.5,3100.0,647019,31.26,0.0,0.0,34.69,0.0,0.0,0.0,0.0,0.0,34.69,0.0,47652.66,0
16-07-2018,Market_W,WEEK 3,13341178.0,3096.0,671045,32.9,0.0,0.0,61.98,0.0,0.0,0.0,0.0,0.0,61.98,0.0,47602.67,0
23-07-2018,Market_W,WEEK 4,13188106.5,3103.0,663594,31.34,0.0,0.0,67.04,0.0,0.0,0.0,0.0,0.0,67.04,0.0,47552.74,0
30-07-2018,Market_W,WEEK 5,12502105.5,3099.0,629032,29.84,0.0,0.0,2.33,0.0,0.0,0.0,0.0,0.0,2.33,0.0,47502.87,0
06-08-2018,Market_W,WEEK 6,12719760.0,3100.0,640280,28.42,0.0,0.0,3.76,0.0,0.0,0.0,0.0,0.0,3.76,0.0,47453.04,0
13-08-2018,Market_W,WEEK 7,11967535.0,3096.0,602767,29.92,0.0,0.0,3.8,0.0,0.0,0.0,0.0,0.0,3.8,0.0,47403.27,0
20-08-2018,Market_W,WEEK 8,11946816.0,3106.0,601913,31.49,0.0,0.0,9.61,0.0,0.0,0.0,0.0,0.0,9.61,0.0,47353.54,0
27-08-2018,Market_W,WEEK 9,12142171.0,3114.0,611310,29.99,0.0,0.0,26.27,0.0,0.0,0.0,0.0,0.0,26.27,0.0,47303.88,0
03-09-2018,Market_W,WEEK 10,11842247.5,3113.0,596168,31.57,0.0,0.0,39.05,0.0,0.0,0.0,0.0,0.0,39.05,0.0,47254.26,0
10-09-2018,Market_W,WEEK 11,11510592.0,3105.0,579471,33.23,0.0,0.0,46.51,0.0,0.0,0.0,0.0,0.0,46.51,0.0,47204.69,0
17-09-2018,Market_W,WEEK 12,12687055.5,3114.0,638512,34.98,74.82,0.0,41.59,0.0,0.0,0.0,0.0,74.82,41.59,0.0,47155.18,0
24-09-2018,Market_W,WEEK 13,12853757.5,3113.0,646345,33.32,17.13,0.0,43.17,0.0,0.0,123.23,0.0,17.13,54.35,0.0,47105.72,0
01-10-2018,Market_W,WEEK 14,13370698.0,3114.0,672377,35.07,46.76,0.0,41.14,0.0,0.0,215.52,0.0,46.76,184.05,0.0,47056.31,0
08-10-2018,Market_W,WEEK 15,14085820.0,3109.0,707991,36.92,58.97,0.0,32.98,0.0,0.0,254.64,0.0,58.97,273.41,0.0,47006.95,0
15-10-2018,Market_W,WEEK 16,21930779.5,3103.0,1100433,35.16,135.63,0.0,26.84,0.0,0.0,133.42,0.0,135.63,310.34,0.0,46957.65,0
22-10-2018,Market_W,WEEK 17,20092521.5,3103.0,1008471,37.01,60.36,0.0,12.12,0.0,0.0,125.31,0.0,60.36,157.67,0.0,46908.39,0
29-10-2018,Market_W,WEEK 18,12989166.0,3097.0,653629,35.25,32.77,0.0,6.37,0.0,0.0,5.19,0.0,32.77,142.55,0.0,46859.19,0
05-11-2018,Market_W,WEEK 19,13029758.5,3101.0,655132,33.57,6.19,0.0,5.39,0.0,0.0,0.24,0.0,6.19,23.32,0.0,46810.04,0
12-11-2018,Market_W,WEEK 20,12676988.0,3107.0,637987,35.34,1.8,0.0,9.69,0.0,0.0,0.01,0.0,1.8,10.9,0.0,46760.94,0
19-11-2018,Market_W,WEEK 21,12495551.5,3102.0,628854,37.2,0.58,0.0,15.9,0.0,0.0,0.0,0.0,0.58,15.99,0.0,46711.89,0
26-11-2018,Market_W,WEEK 22,13281856.5,3112.0,668732,35.42,0.21,0.0,22.26,0.0,0.0,0.0,0.0,0.21,22.27,0.0,46662.9,0
03-12-2018,Market_W,WEEK 23,13803252.0,3104.0,694113,37.29,0.08,0.0,28.41,0.0,0.0,0.0,0.0,0.08,28.41,0.0,46613.95,0
10-12-2018,Market_W,WEEK 24,14151975.5,3107.0,711449,39.25,0.03,0.0,32.8,0.0,0.0,0.0,0.0,0.03,32.8,0.0,46565.06,0
17-12-2018,Market_W,WEEK 25,15892229.0,3121.0,798354,37.38,0.0,0.0,24.25,0.0,0.0,0.0,0.0,0.0,24.25,0.0,46516.22,0
24-12-2018,Market_W,WEEK 26,15190131.5,3122.0,763462,35.6,0.0,0.0,19.69,0.0,0.0,0.0,0.0,0.0,19.69,0.0,46467.43,0
31-12-2018,Market_W,WEEK 27,14256321.5,3123.0,716934,37.48,0.0,0.0,9.77,0.0,0.0,0.0,0.0,0.0,9.77,0.0,46418.69,0
07-01-2019,Market_W,WEEK 28,13759986.0,3122.0,692239,39.45,0.0,0.0,4.67,0.0,0.0,0.0,0.0,0.0,4.67,0.0,46370.0,0
14-01-2019,Market_W,WEEK 29,14470247.0,3124.0,727980,41.53,70.81,0.0,14.74,0.0,0.0,106.25,0.0,70.81,14.74,0.0,46418.69,0
21-01-2019,Market_W,WEEK 30,14009142.5,3116.0,704846,43.71,76.58,0.0,19.22,0.0,0.0,134.99,0.0,76.58,125.47,0.0,46467.43,0
28-01-2019,Market_W,WEEK 31,14462150.0,3120.0,734110,41.63,118.2,0.0,20.11,0.0,0.0,5.19,0.0,118.2,159.36,0.0,46516.22,0
04-02-2019,Market_W,WEEK 32,14537255.5,3124.0,731565,43.82,0.0,0.0,22.31,0.0,0.0,3.95,0.0,0.0,33.05,0.0,46565.06,0
11-02-2019,Market_W,WEEK 33,14667199.0,3121.0,738008,46.13,0.0,0.0,43.16,0.0,0.0,3.0,0.0,0.0,60.56,0.0,46613.95,0
18-02-2019,Market_W,WEEK 34,14350893.5,3120.0,722213,43.93,128.85,0.0,57.38,0.0,0.0,2.28,0.0,128.85,88.53,0.0,46662.9,0
25-02-2019,Market_W,WEEK 35,17773480.0,3121.0,893076,41.84,194.45,0.0,67.49,0.0,0.0,31.3,0.0,194.45,109.21,0.0,46711.89,0
04-03-2019,Market_W,WEEK 36,17395954.5,3125.0,874242,44.04,242.89,0.0,73.73,0.0,0.0,51.28,0.0,242.89,150.84,0.0,46760.94,0
11-03-2019,Market_W,WEEK 37,17210186.0,3128.0,865222,41.94,379.65,0.0,75.42,0.0,0.0,50.77,0.0,379.65,178.57,0.0,46810.04,0
18-03-2019,Market_W,WEEK 38,18492674.5,3130.0,929336,39.95,324.28,0.0,71.47,0.0,0.0,50.4,0.0,324.28,173.7,0.0,46859.19,0
25-03-2019,Market_W,WEEK 39,17593147.0,3133.0,884530,38.04,349.08,0.0,74.32,0.0,0.0,95.77,0.0,349.08,175.75,0.0,46908.39,0
01-04-2019,Market_W,WEEK 40,15766196.5,3128.0,793238,36.23,232.42,0.0,70.77,0.0,0.0,34.82,0.0,232.42,224.16,0.0,46957.65,0
08-04-2019,Market_W,WEEK 41,15714653.5,3128.0,790435,38.14,78.79,0.0,13.7,0.0,0.0,24.66,0.0,78.79,62.7,0.0,47006.95,0
15-04-2019,Market_W,WEEK 42,14676483.5,3124.0,738338,40.15,63.55,0.0,13.45,0.0,0.0,0.66,0.0,63.55,39.57,0.0,47056.31,0
22-04-2019,Market_W,WEEK 43,15293359.0,3119.0,769503,38.23,68.69,0.0,11.63,0.0,0.0,0.17,0.0,68.69,12.3,0.0,47105.72,0
29-04-2019,Market_W,WEEK 44,15526620.0,3123.0,780710,36.41,79.7,0.0,0.0,0.0,0.0,0.05,0.0,79.7,0.17,0.0,47155.18,0
06-05-2019,Market_W,WEEK 45,15136119.0,3116.0,761426,34.68,48.8,0.0,0.0,0.0,0.0,0.01,0.0,48.8,0.05,0.0,47204.69,0
13-05-2019,Market_W,WEEK 46,15042717.0,3121.0,756742,36.51,29.94,0.0,0.0,0.0,0.0,0.0,0.0,29.94,0.01,0.0,47254.26,0
20-05-2019,Market_W,WEEK 47,15308358.5,3126.0,769589,48.05,34.18,0.0,0.0,0.0,0.0,0.0,0.0,34.18,0.0,0.0,47303.88,0
27-05-2019,Market_W,WEEK 48,14773984.5,3123.0,744412,63.43,0.0,0.0,22.31,0.0,0.0,0.0,0.0,0.0,22.31,0.0,47353.54,0
03-06-2019,Market_W,WEEK 49,14636199.5,3124.0,740592,80.97,0.0,0.0,36.17,0.0,0.0,0.0,0.0,0.0,36.17,0.0,47403.27,0
10-06-2019,Market_W,WEEK 50,13558882.5,3128.0,686634,101.05,0.0,0.0,34.64,0.0,0.0,0.0,0.0,0.0,34.64,0.0,47453.04,0
17-06-2019,Market_W,WEEK 51,13369895.0,3135.0,676844,122.33,0.0,0.0,34.83,0.0,0.0,0.0,0.0,0.0,34.83,0.0,47502.87,0
24-06-2019,Market_W,WEEK 52,12911985.5,3140.0,652088,78.73,0.0,0.0,32.93,0.0,0.0,0.0,0.0,0.0,32.93,0.0,47552.74,0
01-07-2019,Market_W,WEEK 1,14210709.5,3137.0,715521,64.02,0.0,0.0,321.84,0.0,0.0,0.0,0.0,0.0,321.84,0.0,47602.67,0
08-07-2019,Market_W,WEEK 2,13957400.5,3145.0,702585,58.76,0.0,0.0,39.15,0.0,1.57,0.0,0.0,0.0,40.72,0.0,47652.66,0
15-07-2019,Market_W,WEEK 3,13511763.5,3153.0,680347,72.48,0.0,0.0,63.24,0.0,1.57,0.0,0.0,0.0,64.81,0.0,47702.69,0
22-07-2019,Market_W,WEEK 4,13160328.5,3140.0,662725,85.82,0.0,0.0,80.48,0.0,1.57,0.0,0.0,0.0,82.05,0.0,47752.78,0
29-07-2019,Market_W,WEEK 5,13677925.0,3142.0,688831,53.28,0.0,0.0,32.65,0.0,1.57,0.0,0.0,0.0,34.22,0.0,47802.92,0
05-08-2019,Market_W,WEEK 6,13228338.5,3132.0,666145,70.82,0.0,0.0,59.0,0.0,1.57,0.0,0.0,0.0,60.57,0.0,47853.11,0
12-08-2019,Market_W,WEEK 7,13354700.5,3131.0,672675,76.61,0.0,0.0,74.93,0.0,1.57,0.0,0.0,0.0,76.5,0.0,47903.36,0
19-08-2019,Market_W,WEEK 8,13103544.0,3139.0,659577,89.6,0.0,0.0,97.33,0.0,1.57,0.0,0.0,0.0,98.9,0.0,47953.66,0
26-08-2019,Market_W,WEEK 9,11226152.0,3136.0,641464,113.24,0.0,0.0,46.63,0.0,1.57,0.0,0.0,0.0,48.2,0.0,48004.01,0
02-09-2019,Market_W,WEEK 10,11711982.0,3131.0,594261,63.93,0.0,0.0,9.79,0.0,1.57,0.0,0.0,0.0,11.36,0.0,48054.41,0
09-09-2019,Market_W,WEEK 11,13213222.0,3143.0,669628,47.32,0.0,0.0,0.0,0.0,1.57,0.0,0.0,0.0,1.57,0.0,48104.87,0
16-09-2019,Market_W,WEEK 12,14092451.5,3142.0,713983,59.61,0.0,0.0,25.24,0.0,1.57,0.0,0.0,0.0,26.81,0.0,48155.38,0
23-09-2019,Market_W,WEEK 13,13912194.5,3142.0,704738,72.14,0.0,0.0,36.96,0.0,1.57,0.0,0.0,0.0,38.53,0.0,48205.94,0
30-09-2019,Market_W,WEEK 14,14210129.5,3144.0,715482,88.53,0.0,0.0,32.8,0.0,1.57,0.0,0.0,0.0,34.37,0.0,48256.56,0
07-10-2019,Market_W,WEEK 15,13608735.5,3141.0,685495,105.21,0.0,0.0,30.8,0.0,1.57,0.0,0.0,0.0,32.37,0.0,48307.23,0
14-10-2019,Market_W,WEEK 16,13374682.0,3143.0,673568,74.23,0.0,0.0,35.48,0.0,1.57,0.0,0.0,0.0,37.06,0.0,48357.95,0
21-10-2019,Market_W,WEEK 17,13361400.0,3144.0,673026,96.07,0.0,0.0,16.04,0.0,1.57,0.0,0.0,0.0,17.61,0.0,48408.73,0
28-10-2019,Market_W,WEEK 18,14439439.5,3141.0,727126,116.11,0.0,0.0,6.71,0.0,1.57,0.0,0.0,0.0,8.28,0.0,48459.56,0
04-11-2019,Market_W,WEEK 19,14170456.5,3141.0,713510,138.15,0.0,0.0,0.0,0.0,1.57,0.0,0.0,0.0,1.57,0.0,48510.44,0
11-11-2019,Market_W,WEEK 20,13944546.0,3129.0,702167,162.08,0.0,0.0,7.03,0.0,1.57,0.0,0.0,0.0,8.6,0.0,48561.37,0
18-11-2019,Market_W,WEEK 21,14212874.5,3136.0,714971,191.07,0.0,0.0,11.0,0.0,1.57,0.0,0.0,0.0,12.57,0.0,48612.36,0
25-11-2019,Market_W,WEEK 22,13761811.0,3128.0,693257,133.08,0.0,0.0,13.4,0.0,1.57,0.0,0.0,0.0,14.97,0.0,48663.41,0
02-12-2019,Market_W,WEEK 23,15296256.0,3132.0,771407,97.22,0.0,0.0,15.95,0.0,1.57,0.0,0.0,0.0,17.52,0.0,48714.5,0
09-12-2019,Market_W,WEEK 24,15400541.5,3134.0,776523,116.03,0.0,0.0,18.39,0.0,1.57,0.0,0.0,0.0,19.96,0.0,48765.65,0
16-12-2019,Market_W,WEEK 25,16175420.0,3139.0,815182,139.02,0.0,0.0,19.88,0.0,1.57,0.0,0.0,0.0,21.45,0.0,48816.86,0
23-12-2019,Market_W,WEEK 26,15861560.5,3127.0,799705,164.96,0.0,0.0,22.08,0.0,1.57,0.0,0.0,0.0,23.65,0.0,48868.12,0
30-12-2019,Market_W,WEEK 27,15412231.0,3121.0,776639,195.7,0.0,0.0,24.54,0.0,1.57,0.0,0.0,0.0,26.11,0.0,48919.43,0
06-01-2020,Market_W,WEEK 28,15416497.0,3122.0,775918,130.29,0.0,0.0,12.15,0.0,1.57,7.0,0.0,0.0,13.73,0.0,48970.79,0
13-01-2020,Market_W,WEEK 29,16325477.5,3129.0,821204,95.98,27.49,0.0,24.74,92.58,2.76,7.67,0.0,27.49,219.65,0.0,49022.21,0
20-01-2020,Market_W,WEEK 30,15887433.0,3129.0,799529,62.61,65.97,0.0,38.29,162.94,3.67,8.18,0.0,65.97,385.47,0.0,49073.69,0
27-01-2020,Market_W,WEEK 31,15854542.0,3146.0,797986,43.85,62.06,0.0,47.68,123.84,4.36,8.57,0.0,62.06,345.7,0.0,49125.21,0
03-02-2020,Market_W,WEEK 32,15778141.0,3140.0,794283,56.13,55.95,0.0,54.63,94.12,4.88,8.86,0.0,55.95,316.65,0.0,49176.79,0
10-02-2020,Market_W,WEEK 33,15229464.5,3145.0,766808,68.37,49.77,0.0,57.19,71.53,5.28,12.76,0.0,49.77,297.83,0.0,49228.43,0
17-02-2020,Market_W,WEEK 34,15177870.5,3148.0,764313,80.56,45.0,0.0,48.65,54.37,5.59,18.14,0.0,45.0,266.27,0.0,49280.12,0
24-02-2020,Market_W,WEEK 35,18910223.5,3152.0,949916,95.14,34.21,0.0,42.26,41.32,5.82,22.23,0.0,34.21,240.69,0.0,48836.6,0
02-03-2020,Market_W,WEEK 36,16995248.5,3156.0,855463,107.78,26.01,0.0,32.14,31.4,5.99,3.91,0.0,26.01,204.15,0.0,48397.07,0
09-03-2020,Market_W,WEEK 37,16252210.5,3147.0,818181,121.27,5.27,0.0,6.25,6.31,1.57,3.71,0.0,5.27,53.7,0.0,47961.5,0
16-03-2020,Market_W,WEEK 38,14714501.5,3148.0,740745,86.96,1.08,0.0,1.22,1.27,1.57,0.04,0.0,1.08,10.25,0.0,47529.84,0
23-03-2020,Market_W,WEEK 39,13541884.0,3094.0,682408,71.3,0.22,0.0,0.24,0.26,1.57,0.0,0.0,0.22,2.59,0.0,47102.07,0
30-03-2020,Market_W,WEEK 40,12743304.5,3068.0,642225,82.3,0.05,0.0,0.05,0.05,1.57,0.0,0.0,0.05,1.77,0.0,46678.15,1
06-04-2020,Market_W,WEEK 41,13530033.0,3057.0,680971,97.79,0.01,0.0,0.01,0.01,0.0,0.0,0.0,0.01,41.02,0.0,46258.05,1
13-04-2020,Market_W,WEEK 42,14834775.0,3062.0,746883,116.33,0.0,0.0,0.0,0.0,0.0,0.0,0.0,0.0,164.21,0.0,45841.73,1
20-04-2020,Market_W,WEEK 43,15129631.5,3055.0,761653,137.01,0.0,0.0,0.0,0.0,0.0,0.0,0.0,0.0,216.23,0.0,45429.15,1
27-04-2020,Market_W,WEEK 44,16102606.0,3053.0,810763,156.07,0.0,0.0,0.0,0.0,0.0,0.0,0.0,0.0,215.17,0.0,45020.29,1
04-05-2020,Market_W,WEEK 45,15953847.0,3062.0,803308,179.64,0.0,0.0,0.0,0.0,0.0,0.0,0.0,0.0,203.39,0.0,44615.11,1
11-05-2020,Market_W,WEEK 46,16421441.0,3070.0,826665,173.68,17.38,0.0,24.21,0.0,0.0,0.0,0.0,17.38,253.97,0.0,44213.57,1
18-05-2020,Market_W,WEEK 47,16388423.0,3088.0,824943,75.54,60.83,0.0,34.37,0.0,0.0,0.0,0.0,60.83,274.51,0.0,43815.65,1
25-05-2020,Market_W,WEEK 48,16208840.0,3091.0,816003,20.28,84.99,0.0,46.91,0.0,391.35,0.0,0.0,84.99,686.47,0.0,43421.31,1
01-06-2020,Market_W,WEEK 49,16691630.0,3089.0,850510,32.87,96.51,0.0,59.31,0.0,46.79,0.0,0.0,96.51,429.44,0.0,43030.52,1
08-06-2020,Market_W,WEEK 50,16020326.0,3097.0,816609,47.48,36.29,0.0,64.48,0.0,788.8,0.0,0.0,36.29,1221.19,0.0,42643.24,1
15-06-2020,Market_W,WEEK 51,16145129.5,3089.0,823493,63.37,68.57,0.0,47.81,0.0,877.25,0.0,0.0,68.57,1245.11,0.0,43194.55,1
22-06-2020,Market_W,WEEK 52,15050888.5,3085.0,768603,78.03,14.65,0.0,46.71,0.0,888.36,0.0,0.0,14.65,1178.72,0.0,43752.98,1
29-06-2020,Market_W,WEEK 1,15228326.5,3084.0,770693,93.32,0.32,0.0,42.59,0.0,637.9,27.15,0.0,0.32,947.73,0.0,44318.64,1
06-07-2020,Market_W,WEEK 2,17156546.0,3081.0,863681,61.89,2.04,0.0,28.56,342.35,459.61,59.78,0.0,2.04,1384.92,0.0,44891.61,1
13-07-2020,Market_W,WEEK 3,16005312.5,3081.0,805840,70.31,48.0,0.0,33.21,342.35,331.67,61.16,0.0,48.0,1239.3,1.5,45471.98,1
20-07-2020,Market_W,WEEK 4,14911485.0,3083.0,751528,41.92,0.0,0.0,34.59,342.35,239.87,63.47,0.0,0.0,1111.72,1.84,46059.86,1
27-07-2020,Market_W,WEEK 5,15493852.5,3084.0,780502,29.14,92.97,0.0,35.63,342.35,174.0,64.59,0.0,92.97,1021.65,1.16,46655.34,1
03-08-2020,Market_W,WEEK 6,15587829.0,3084.0,785414,43.18,2.84,0.0,55.76,342.35,126.73,63.99,0.0,2.84,976.98,1.17,47258.51,1
10-08-2020,Market_W,WEEK 7,15541711.5,3092.0,782911,58.86,16.92,0.0,79.84,342.35,92.81,65.53,0.0,16.92,953.61,1.22,47869.49,1
17-08-2020,Market_W,WEEK 8,15043090.5,3089.0,757918,74.48,10.63,0.0,94.06,342.35,68.47,80.43,0.0,10.63,936.14,1.42,48488.36,1
24-08-2020,Market_W,WEEK 9,14749863.5,3085.0,743146,42.57,29.36,0.0,37.55,602.57,53.64,70.74,0.0,29.36,1378.31,1.53,49115.24,1
31-08-2020,Market_W,WEEK 10,15123768.5,1259.0,1621729,19.66,0.0,0.0,13.71,800.32,42.37,63.37,0.0,0.0,1729.15,1.71,49750.22,1
07-09-2020,Market_W,WEEK 11,15262552.0,1257.0,1626142,31.93,0.0,0.0,11.99,950.6,33.8,58.48,0.0,0.0,2012.96,2.6,50393.4,1
14-09-2020,Market_W,WEEK 12,16298103.0,1257.0,1629564,47.06,0.0,0.0,8.18,1064.82,27.28,82.58,0.0,0.0,2227.61,4.04,51044.91,1
21-09-2020,Market_W,WEEK 13,16455743.0,1259.0,1660754,62.47,28.94,0.0,20.84,1151.62,22.33,68.56,0.0,28.94,2432.98,3.99,51704.83,1
28-09-2020,Market_W,WEEK 14,15569569.5,1259.0,1674021,78.06,10.56,0.0,71.67,1217.59,18.56,55.28,0.0,10.56,2655.48,61.51,52373.29,1
05-10-2020,Market_W,WEEK 15,16097676.0,1261.0,1666830,97.0,14.1,0.0,99.17,1267.73,15.7,43.61,0.0,14.1,2800.27,94.5,53050.39,1
12-10-2020,Market_W,WEEK 16,14696964.5,1258.0,1657405,114.86,19.06,0.0,127.21,1305.84,13.52,10.39,0.0,19.06,2924.67,116.82,53736.25,1
19-10-2020,Market_W,WEEK 17,14387668.0,1257.0,1615976,132.23,32.62,0.0,114.12,1334.8,2773.25,5.79,0.0,32.62,5863.2,218.36,54430.97,1
26-10-2020,Market_W,WEEK 18,14838562.0,1259.0,1663144,151.01,38.2,114.29,246.44,1014.45,2107.97,3.79,0.0,38.2,4679.97,264.15,55134.67,1
02-11-2020,Market_W,WEEK 19,16050024.0,1255.0,1700660,170.85,45.06,247.32,322.09,770.99,1602.14,9.57,94.28,45.06,3768.97,249.59,55847.47,1
09-11-2020,Market_W,WEEK 20,15968453.5,1259.0,1597007,190.94,284.81,439.58,321.89,585.96,1217.71,206.64,243.32,284.81,3284.12,343.36,56569.49,1
16-11-2020,Market_W,WEEK 21,16046131.0,1263.0,1619988,217.44,202.44,354.66,334.75,445.34,925.54,403.65,226.05,202.44,2955.13,282.73,57300.84,1
23-11-2020,Market_W,WEEK 22,15467342.0,1264.0,1557009,240.73,305.51,422.57,305.5,338.47,703.48,410.31,325.85,305.51,2641.29,289.14,58041.65,1
30-11-2020,Market_W,WEEK 23,16427746.5,1266.0,1651523,271.59,377.6,460.7,274.3,257.24,534.72,231.53,390.09,377.6,2314.81,285.18,58792.03,1
07-12-2020,Market_W,WEEK 24,17020147.0,1265.0,1687620,308.1,284.71,351.66,259.83,195.51,406.45,425.34,371.99,284.71,1807.7,233.02,59552.11,1
14-12-2020,Market_W,WEEK 25,17788836.5,1265.0,1762269,377.41,357.08,340.77,367.24,148.6,308.97,816.5,376.72,357.08,2281.98,345.88,60322.02,1
21-12-2020,Market_W,WEEK 26,19170112.5,1261.0,1834275,525.59,621.86,461.42,465.1,112.94,234.88,853.09,460.56,621.86,2950.62,459.26,61101.89,1
28-12-2020,Market_W,WEEK 27,19602845.0,1262.0,2013004,496.52,1015.62,948.18,406.35,85.84,178.57,648.42,603.66,1015.62,2631.47,416.62,61280.82,1
04-01-2021,Market_W,WEEK 28,22721201.5,1266.0,2283708,22.39,772.34,723.3,334.32,65.25,135.77,492.87,458.86,772.34,2207.98,390.54,61460.27,1
11-01-2021,Market_W,WEEK 29,24972347.0,1263.0,2527808,33.23,588.36,550.53,465.84,49.59,103.23,504.02,348.79,588.36,2076.13,389.18,61640.25,1
18-01-2021,Market_W,WEEK 30,24581570.5,1264.0,2479089,54.23,528.28,800.6,743.33,37.7,78.51,434.09,595.75,528.28,2691.91,556.48,61820.75,1
25-01-2021,Market_W,WEEK 31,16583510.5,1266.0,1704618,52.32,461.58,810.17,631.8,28.66,59.71,386.81,745.74,461.58,2391.0,567.6,62001.78,1
01-02-2021,Market_W,WEEK 32,16773929.0,1268.0,1721724,54.7,386.37,568.08,489.03,21.78,45.42,400.81,754.93,386.37,2019.75,486.14,62183.35,1
08-02-2021,Market_W,WEEK 33,16377574.5,1267.0,1673938,77.38,344.38,531.22,464.56,16.56,34.56,333.73,751.64,344.38,1944.76,483.91,62365.44,1
15-02-2021,Market_W,WEEK 34,15780606.0,1264.0,1610087,100.06,261.55,404.64,462.6,12.59,26.31,385.41,661.07,261.55,1691.72,444.57,62548.07,1
22-02-2021,Market_W,WEEK 35,24742863.5,1267.0,2410992,122.77,259.55,402.75,587.31,9.58,20.03,393.17,696.94,259.55,1979.55,480.13,62731.23,1
01-03-2021,Market_W,WEEK 36,16946728.5,1259.0,1729309,150.33,246.89,403.2,500.57,7.28,15.26,396.36,741.97,246.89,1887.02,488.76,62914.93,1
08-03-2021,Market_W,WEEK 37,17528206.5,1263.0,1804370,76.02,226.41,401.58,429.33,5.54,11.63,326.63,770.62,226.41,1745.72,453.9,63099.17,1
15-03-2021,Market_W,WEEK 38,19507172.5,1267.0,1942715,98.48,246.13,401.32,370.94,4.21,8.87,293.57,711.6,246.13,1529.18,393.24,63283.95,1
22-03-2021,Market_W,WEEK 39,18389019.0,1267.0,1892311,123.42,320.42,532.77,331.66,3.21,6.77,306.1,577.44,320.42,1446.67,385.57,63469.26,1
29-03-2021,Market_W,WEEK 40,17620434.5,1271.0,1820770,148.18,301.01,478.94,300.54,2.44,5.17,232.72,487.23,301.01,1329.27,344.07,63655.12,1
05-04-2021,Market_W,WEEK 41,20053884.5,1272.0,2066662,174.95,228.98,364.94,258.27,1.86,3.95,285.82,370.35,228.98,1138.6,322.44,63841.53,1
12-04-2021,Market_W,WEEK 42,18934856.0,1273.0,1974352,206.06,227.56,454.77,219.27,1.42,3.03,327.16,375.68,227.56,1212.26,425.16,64028.48,1
19-04-2021,Market_W,WEEK 43,18843304.5,1271.0,1944304,240.32,268.85,476.95,257.41,1.08,2.32,354.09,379.73,268.85,1378.95,477.28,64215.98,1
26-04-2021,Market_W,WEEK 44,18909206.5,1277.0,1923734,286.51,295.71,486.77,260.94,0.82,1.78,372.84,382.6,295.71,1351.71,465.05,64404.03,1
03-05-2021,Market_W,WEEK 45,18560305.0,1274.0,1913583,109.29,307.98,437.71,284.08,0.63,1.37,385.84,330.12,307.98,1321.74,444.52,64592.62,1
10-05-2021,Market_W,WEEK 46,18606119.0,1275.0,1933349,130.48,302.12,407.45,260.63,0.48,1.06,419.52,290.17,302.12,1337.74,528.6,64781.77,1
17-05-2021,Market_W,WEEK 47,19514220.5,1273.0,1956267,26.91,391.15,462.31,280.3,0.37,0.82,347.97,408.45,391.15,1254.66,400.13,64971.48,1
24-05-2021,Market_W,WEEK 48,17548437.5,1272.0,1813601,32.73,351.0,372.63,213.09,0.28,0.64,392.69,476.99,351.0,983.55,306.82,65161.74,1
31-05-2021,Market_W,WEEK 49,17272949.0,1273.0,1846740,49.94,318.28,348.99,127.97,0.22,0.5,420.51,532.73,318.28,936.76,267.93,65352.55,1
07-06-2021,Market_W,WEEK 50,17024015.0,1272.0,1840147,69.19,315.39,294.81,117.52,0.17,0.39,300.29,571.71,315.39,845.16,181.25,65543.93,1
14-06-2021,Market_W,WEEK 51,16364779.0,1272.0,1773600,88.33,115.77,138.27,121.82,0.13,0.3,214.84,410.7,115.77,657.62,143.94,65735.86,1
21-06-2021,Market_W,WEEK 52,16402314.0,1277.0,1699790,104.91,86.92,182.57,116.62,0.1,0.24,154.0,295.15,86.92,510.27,116.39,65928.36,1
28-06-2021,Market_W,WEEK 1,16173884.5,1277.0,1672952,122.14,54.0,112.66,51.57,0.08,0.19,140.35,212.21,54.0,340.94,97.55,66121.42,1
05-07-2021,Market_W,WEEK 2,16758694.0,1274.0,1722103,142.32,70.02,131.1,67.72,0.06,0.15,124.09,152.64,70.02,367.43,137.06,66315.05,1
12-07-2021,Market_W,WEEK 3,16296018.0,1278.0,1729435,163.16,80.61,114.51,63.59,0.05,0.12,108.03,109.85,80.61,327.54,123.59,66509.25,1
19-07-2021,Market_W,WEEK 4,16165807.0,1282.0,1741095,188.75,81.88,92.62,48.42,0.04,0.09,109.99,79.09,81.88,282.42,114.03,66704.01,1
26-07-2021,Market_W,WEEK 5,16087444.5,1282.0,1727416,214.78,88.88,104.18,52.07,0.03,0.07,111.02,60.15,88.88,298.37,127.21,66899.34,1
02-08-2021,Market_W,WEEK 6,15951087.5,1279.0,1674662,242.68,89.18,107.81,51.29,0.02,0.06,111.63,45.75,89.18,305.88,136.63,67095.25,1
09-08-2021,Market_W,WEEK 7,15959703.5,1281.0,1699772,274.87,105.82,109.53,62.91,0.02,0.05,143.15,34.8,105.82,338.95,159.11,67291.72,1
16-08-2021,Market_W,WEEK 8,16646975.0,1275.0,1692722,308.75,104.27,113.15,72.08,0.01,0.04,166.64,26.48,104.27,500.27,280.99,67488.78,1
23-08-2021,Market_W,WEEK 9,17045506.0,1272.0,1813713,342.12,128.59,115.62,83.92,0.01,0.03,209.49,20.15,128.59,694.14,440.48,67686.41,1
30-08-2021,Market_W,WEEK 10,16403154.0,1277.0,1723945,279.06,121.75,108.34,75.14,0.01,0.02,136.08,15.34,121.75,783.44,496.44,67884.62,1
06-09-2021,Market_W,WEEK 11,16247959.0,1273.0,1760088,262.05,91.05,63.96,70.88,0.01,0.02,153.56,11.68,91.05,577.98,369.2,68083.41,1
13-09-2021,Market_W,WEEK 12,16274998.5,1273.0,1856028,264.16,98.54,81.62,70.96,0.01,0.01,104.64,8.9,98.54,674.16,448.25,68282.78,1
20-09-2021,Market_W,WEEK 13,18217679.5,1274.0,1857020,266.3,60.98,116.02,56.25,0.0,0.0,4.56,2.65,60.98,537.95,376.62,68482.74,1
27-09-2021,Market_W,WEEK 14,10523430.0,1272.0,1981433,268.43,6.23,5.25,25.11,0.0,0.0,0.0,0.79,6.23,96.79,66.97,68683.28,1
02-07-2018,Market_J,WEEK 1,9936240.0,1008.0,487337,29.7,115.51,45.2,0.0,0.0,0.0,0.0,0.0,115.51,0.0,0.0,47702.69,0
09-07-2018,Market_J,WEEK 2,10004720.0,1007.0,498737,31.26,0.0,0.0,34.69,0.0,0.0,0.0,0.0,0.0,34.69,0.0,47652.66,0
16-07-2018,Market_J,WEEK 3,9825502.0,1007.0,501979,32.9,0.0,0.0,61.98,0.0,0.0,0.0,0.0,0.0,61.98,0.0,47602.67,0
23-07-2018,Market_J,WEEK 4,9822735.0,1006.0,492922,31.34,0.0,0.0,67.04,0.0,0.0,0.0,0.0,0.0,67.04,0.0,47552.74,0
30-07-2018,Market_J,WEEK 5,9607653.0,1006.0,493044,29.84,0.0,0.0,2.33,0.0,0.0,0.0,0.0,0.0,2.33,0.0,47502.87,0
06-08-2018,Market_J,WEEK 6,9470895.0,1005.0,482184,28.42,0.0,0.0,3.76,0.0,0.0,0.0,0.0,0.0,3.76,0.0,47453.04,0
13-08-2018,Market_J,WEEK 7,9006254.0,1003.0,475766,29.92,0.0,0.0,3.8,0.0,0.0,0.0,0.0,0.0,3.8,0.0,47403.27,0
20-08-2018,Market_J,WEEK 8,9012809.0,1003.0,452841,31.49,0.0,0.0,9.61,0.0,0.0,0.0,0.0,0.0,9.61,0.0,47353.54,0
27-08-2018,Market_J,WEEK 9,9232927.0,1001.0,452875,29.99,0.0,0.0,26.27,0.0,0.0,0.0,0.0,0.0,26.27,0.0,47303.88,0
03-09-2018,Market_J,WEEK 10,9132253.0,1002.0,463681,31.57,0.0,0.0,39.05,0.0,0.0,0.0,0.0,0.0,39.05,0.0,47254.26,0
10-09-2018,Market_J,WEEK 11,8702132.0,1002.0,458607,33.23,0.0,0.0,46.51,0.0,0.0,0.0,0.0,0.0,46.51,0.0,47204.69,0
17-09-2018,Market_J,WEEK 12,9231566.0,1001.0,437002,34.98,74.82,0.0,41.59,0.0,0.0,0.0,0.0,74.82,41.59,0.0,47155.18,0
24-09-2018,Market_J,WEEK 13,9437667.0,1004.0,463431,33.32,17.13,0.0,43.17,0.0,0.0,123.23,0.0,17.13,54.35,0.0,47105.72,0
01-10-2018,Market_J,WEEK 14,10278810.0,1005.0,473982,35.07,46.76,0.0,41.14,0.0,0.0,215.52,0.0,46.76,184.05,0.0,47056.31,0
08-10-2018,Market_J,WEEK 15,10158976.0,1004.0,515754,36.92,58.97,0.0,32.98,0.0,0.0,254.64,0.0,58.97,273.41,0.0,47006.95,0
15-10-2018,Market_J,WEEK 16,15320922.0,1004.0,509846,35.16,135.63,0.0,26.84,0.0,0.0,133.42,0.0,135.63,310.34,0.0,46957.65,0
22-10-2018,Market_J,WEEK 17,14201238.0,1002.0,768006,37.01,60.36,0.0,12.12,0.0,0.0,125.31,0.0,60.36,157.67,0.0,46908.39,0
29-10-2018,Market_J,WEEK 18,9530363.0,1005.0,711609,35.25,32.77,0.0,6.37,0.0,0.0,5.19,0.0,32.77,142.55,0.0,46859.19,0
05-11-2018,Market_J,WEEK 19,9799354.0,1007.0,478510,33.57,6.19,0.0,5.39,0.0,0.0,0.24,0.0,6.19,23.32,0.0,46810.04,0
12-11-2018,Market_J,WEEK 20,9305967.0,1004.0,491879,35.34,1.8,0.0,9.69,0.0,0.0,0.01,0.0,1.8,10.9,0.0,46760.94,0
19-11-2018,Market_J,WEEK 21,9128461.0,1005.0,467184,37.2,0.58,0.0,15.9,0.0,0.0,0.0,0.0,0.58,15.99,0.0,46711.89,0
26-11-2018,Market_J,WEEK 22,9838827.0,1004.0,458393,35.42,0.21,0.0,22.26,0.0,0.0,0.0,0.0,0.21,22.27,0.0,46662.9,0
03-12-2018,Market_J,WEEK 23,10032498.0,1005.0,494363,37.29,0.08,0.0,28.41,0.0,0.0,0.0,0.0,0.08,28.41,0.0,46613.95,0
10-12-2018,Market_J,WEEK 24,10008039.0,1004.0,503466,39.25,0.03,0.0,32.8,0.0,0.0,0.0,0.0,0.03,32.8,0.0,46565.06,0
17-12-2018,Market_J,WEEK 25,11245656.0,1014.0,502082,37.38,0.0,0.0,24.25,0.0,0.0,0.0,0.0,0.0,24.25,0.0,46516.22,0
24-12-2018,Market_J,WEEK 26,10742193.0,1015.0,563827,35.6,0.0,0.0,19.69,0.0,0.0,0.0,0.0,0.0,19.69,0.0,46467.43,0
31-12-2018,Market_J,WEEK 27,10455042.0,1015.0,539105,37.48,0.0,0.0,9.77,0.0,0.0,0.0,0.0,0.0,9.77,0.0,46418.69,0
07-01-2019,Market_J,WEEK 28,10477133.0,1011.0,524827,39.45,0.0,0.0,4.67,0.0,0.0,0.0,0.0,0.0,4.67,0.0,46370.0,0
14-01-2019,Market_J,WEEK 29,9918037.0,1013.0,525831,41.53,70.81,0.0,14.74,0.0,0.0,106.25,0.0,70.81,14.74,0.0,46418.69,0
21-01-2019,Market_J,WEEK 30,9650435.0,1010.0,497907,43.71,76.58,0.0,19.22,0.0,0.0,134.99,0.0,76.58,125.47,0.0,46467.43,0
28-01-2019,Market_J,WEEK 31,10543058.0,1009.0,484519,41.63,118.2,0.0,20.11,0.0,0.0,5.19,0.0,118.2,159.36,0.0,46516.22,0
04-02-2019,Market_J,WEEK 32,10415431.0,1010.0,532799,43.82,0.0,0.0,22.31,0.0,0.0,3.95,0.0,0.0,33.05,0.0,46565.06,0
11-02-2019,Market_J,WEEK 33,10214956.0,1010.0,523089,46.13,0.0,0.0,43.16,0.0,0.0,3.0,0.0,0.0,60.56,0.0,46613.95,0
18-02-2019,Market_J,WEEK 34,10338322.0,1010.0,512949,43.93,128.85,0.0,57.38,0.0,0.0,2.28,0.0,128.85,88.53,0.0,46662.9,0
25-02-2019,Market_J,WEEK 35,13268949.0,1009.0,519328,41.84,194.45,0.0,67.49,0.0,0.0,31.3,0.0,194.45,109.21,0.0,46711.89,0
04-03-2019,Market_J,WEEK 36,12310593.0,1009.0,665087,44.04,242.89,0.0,73.73,0.0,0.0,51.28,0.0,242.89,150.84,0.0,46760.94,0
11-03-2019,Market_J,WEEK 37,12189366.0,1006.0,617611,41.94,379.65,0.0,75.42,0.0,0.0,50.77,0.0,379.65,178.57,0.0,46810.04,0
18-03-2019,Market_J,WEEK 38,12934566.0,1006.0,611443,39.95,324.28,0.0,71.47,0.0,0.0,50.4,0.0,324.28,173.7,0.0,46859.19,0
25-03-2019,Market_J,WEEK 39,12767574.0,1004.0,649032,38.04,349.08,0.0,74.32,0.0,0.0,95.77,0.0,349.08,175.75,0.0,46908.39,0
01-04-2019,Market_J,WEEK 40,11453240.0,1003.0,640662,36.23,232.42,0.0,70.77,0.0,0.0,34.82,0.0,232.42,224.16,0.0,46957.65,0
08-04-2019,Market_J,WEEK 41,11370541.0,1004.0,574824,38.14,78.79,0.0,13.7,0.0,0.0,24.66,0.0,78.79,62.7,0.0,47006.95,0
15-04-2019,Market_J,WEEK 42,10485896.0,992.0,570642,40.15,63.55,0.0,13.45,0.0,0.0,0.66,0.0,63.55,39.57,0.0,47056.31,0
22-04-2019,Market_J,WEEK 43,10880743.0,991.0,526477,38.23,68.69,0.0,11.63,0.0,0.0,0.17,0.0,68.69,12.3,0.0,47105.72,0
29-04-2019,Market_J,WEEK 44,11557099.0,993.0,546336,36.41,79.7,0.0,0.0,0.0,0.0,0.05,0.0,79.7,0.17,0.0,47155.18,0
06-05-2019,Market_J,WEEK 45,11369361.0,995.0,580130,34.68,48.8,0.0,0.0,0.0,0.0,0.01,0.0,48.8,0.05,0.0,47204.69,0
13-05-2019,Market_J,WEEK 46,11500248.0,995.0,570635,36.51,29.94,0.0,0.0,0.0,0.0,0.0,0.0,29.94,0.01,0.0,47254.26,0
20-05-2019,Market_J,WEEK 47,10896680.0,997.0,577201,48.05,34.18,0.0,0.0,0.0,0.0,0.0,0.0,34.18,0.0,0.0,47303.88,0
27-05-2019,Market_J,WEEK 48,11108083.0,996.0,546812,63.43,0.0,0.0,22.31,0.0,0.0,0.0,0.0,0.0,22.31,0.0,47353.54,0
03-06-2019,Market_J,WEEK 49,11215045.0,998.0,558423,80.97,0.0,0.0,36.17,0.0,0.0,0.0,0.0,0.0,36.17,0.0,47403.27,0
10-06-2019,Market_J,WEEK 50,10206124.0,997.0,565883,101.05,0.0,0.0,34.64,0.0,0.0,0.0,0.0,0.0,34.64,0.0,47453.04,0
17-06-2019,Market_J,WEEK 51,10138554.0,997.0,515338,122.33,0.0,0.0,34.83,0.0,0.0,0.0,0.0,0.0,34.83,0.0,47502.87,0
24-06-2019,Market_J,WEEK 52,10070475.0,996.0,511990,78.73,0.0,0.0,32.93,0.0,0.0,0.0,0.0,0.0,32.93,0.0,47552.74,0
01-07-2019,Market_J,WEEK 1,10973261.0,997.0,507540,64.02,0.0,0.0,321.84,0.0,0.0,0.0,0.0,0.0,321.84,0.0,47602.67,0
08-07-2019,Market_J,WEEK 2,10761368.0,997.0,551090,58.76,0.0,0.0,39.15,0.0,1.57,0.0,0.0,0.0,40.72,0.0,47652.66,0
15-07-2019,Market_J,WEEK 3,10281248.0,998.0,540213,72.48,0.0,0.0,63.24,0.0,1.57,0.0,0.0,0.0,64.81,0.0,47702.69,0
22-07-2019,Market_J,WEEK 4,10161345.0,997.0,516668,85.82,0.0,0.0,80.48,0.0,1.57,0.0,0.0,0.0,82.05,0.0,47752.78,0
29-07-2019,Market_J,WEEK 5,10575095.0,1000.0,510569,53.28,0.0,0.0,32.65,0.0,1.57,0.0,0.0,0.0,34.22,0.0,47802.92,0
05-08-2019,Market_J,WEEK 6,10061669.0,1002.0,531378,70.82,0.0,0.0,59.0,0.0,1.57,0.0,0.0,0.0,60.57,0.0,47853.11,0
12-08-2019,Market_J,WEEK 7,9938366.0,1000.0,505569,76.61,0.0,0.0,74.93,0.0,1.57,0.0,0.0,0.0,76.5,0.0,47903.36,0
19-08-2019,Market_J,WEEK 8,9928104.0,1003.0,498929,89.6,0.0,0.0,97.33,0.0,1.57,0.0,0.0,0.0,98.9,0.0,47953.66,0
26-08-2019,Market_J,WEEK 9,9041144.0,1005.0,498797,113.24,0.0,0.0,46.63,0.0,1.57,0.0,0.0,0.0,48.2,0.0,48004.01,0
02-09-2019,Market_J,WEEK 10,9159366.0,1003.0,516768,63.93,0.0,0.0,9.79,0.0,1.57,0.0,0.0,0.0,11.36,0.0,48054.41,0
09-09-2019,Market_J,WEEK 11,10202331.0,1003.0,462374,47.32,0.0,0.0,0.0,0.0,1.57,0.0,0.0,0.0,1.57,0.0,48104.87,0
16-09-2019,Market_J,WEEK 12,10127704.0,1006.0,514597,59.61,0.0,0.0,25.24,0.0,1.57,0.0,0.0,0.0,26.81,0.0,48155.38,0
23-09-2019,Market_J,WEEK 13,10119373.0,1005.0,510893,72.14,0.0,0.0,36.96,0.0,1.57,0.0,0.0,0.0,38.53,0.0,48205.94,0
30-09-2019,Market_J,WEEK 14,10753338.0,1006.0,510664,88.53,0.0,0.0,32.8,0.0,1.57,0.0,0.0,0.0,34.37,0.0,48256.56,0
07-10-2019,Market_J,WEEK 15,10512062.0,1009.0,540253,105.21,0.0,0.0,30.8,0.0,1.57,0.0,0.0,0.0,32.37,0.0,48307.23,0
14-10-2019,Market_J,WEEK 16,10292491.0,1008.0,528272,74.23,0.0,0.0,35.48,0.0,1.57,0.0,0.0,0.0,37.06,0.0,48357.95,0
21-10-2019,Market_J,WEEK 17,10347802.0,1015.0,516995,96.07,0.0,0.0,16.04,0.0,1.57,0.0,0.0,0.0,17.61,0.0,48408.73,0
28-10-2019,Market_J,WEEK 18,10706266.0,1020.0,519881,116.11,0.0,0.0,6.71,0.0,1.57,0.0,0.0,0.0,8.28,0.0,48459.56,0
04-11-2019,Market_J,WEEK 19,10939195.0,1020.0,537718,138.15,0.0,0.0,0.0,0.0,1.57,0.0,0.0,0.0,1.57,0.0,48510.44,0
11-11-2019,Market_J,WEEK 20,10607801.0,1020.0,549557,162.08,0.0,0.0,7.03,0.0,1.57,0.0,0.0,0.0,8.6,0.0,48561.37,0
18-11-2019,Market_J,WEEK 21,11097320.0,1019.0,532805,191.07,0.0,0.0,11.0,0.0,1.57,0.0,0.0,0.0,12.57,0.0,48612.36,0
25-11-2019,Market_J,WEEK 22,10930270.0,1020.0,557163,133.08,0.0,0.0,13.4,0.0,1.57,0.0,0.0,0.0,14.97,0.0,48663.41,0
02-12-2019,Market_J,WEEK 23,12052424.0,1014.0,549042,97.22,0.0,0.0,15.95,0.0,1.57,0.0,0.0,0.0,17.52,0.0,48714.5,0
09-12-2019,Market_J,WEEK 24,12442522.0,1014.0,606408,116.03,0.0,0.0,18.39,0.0,1.57,0.0,0.0,0.0,19.96,0.0,48765.65,0
16-12-2019,Market_J,WEEK 25,12613572.0,1012.0,626005,139.02,0.0,0.0,19.88,0.0,1.57,0.0,0.0,0.0,21.45,0.0,48816.86,0
23-12-2019,Market_J,WEEK 26,12198555.0,1012.0,634202,164.96,0.0,0.0,22.08,0.0,1.57,0.0,0.0,0.0,23.65,0.0,48868.12,0
30-12-2019,Market_J,WEEK 27,12319609.0,1014.0,613427,195.7,0.0,0.0,24.54,0.0,1.57,0.0,0.0,0.0,26.11,0.0,48919.43,0
06-01-2020,Market_J,WEEK 28,12429693.0,1010.0,618953,130.29,0.0,0.0,12.15,0.0,1.57,7.0,0.0,0.0,13.73,0.0,48970.79,0
13-01-2020,Market_J,WEEK 29,12117580.0,1009.0,624060,95.98,27.49,0.0,24.74,92.58,2.76,7.67,0.0,27.49,219.65,0.0,49022.21,0
20-01-2020,Market_J,WEEK 30,12100715.0,1012.0,608434,62.61,65.97,0.0,38.29,162.94,3.67,8.18,0.0,65.97,385.47,0.0,49073.69,0
27-01-2020,Market_J,WEEK 31,12425502.0,1011.0,607548,43.85,62.06,0.0,47.68,123.84,4.36,8.57,0.0,62.06,345.7,0.0,49125.21,0
03-02-2020,Market_J,WEEK 32,11815561.0,1011.0,623910,56.13,55.95,0.0,54.63,94.12,4.88,8.86,0.0,55.95,316.65,0.0,49176.79,0
10-02-2020,Market_J,WEEK 33,11958249.0,1015.0,593419,68.37,49.77,0.0,57.19,71.53,5.28,12.76,0.0,49.77,297.83,0.0,49228.43,0
17-02-2020,Market_J,WEEK 34,11787408.0,1018.0,600413,80.56,45.0,0.0,48.65,54.37,5.59,18.14,0.0,45.0,266.27,0.0,49280.12,0
24-02-2020,Market_J,WEEK 35,15295035.0,1019.0,592045,95.14,34.21,0.0,42.26,41.32,5.82,22.23,0.0,34.21,240.69,0.0,48836.6,0
02-03-2020,Market_J,WEEK 36,14578417.0,1020.0,766947,107.78,26.01,0.0,32.14,31.4,5.99,3.91,0.0,26.01,204.15,0.0,48397.07,0
09-03-2020,Market_J,WEEK 37,13145523.0,1013.0,731125,121.27,5.27,0.0,6.25,6.31,1.57,3.71,0.0,5.27,53.7,0.0,47961.5,0
16-03-2020,Market_J,WEEK 38,11947183.0,1015.0,659886,86.96,1.08,0.0,1.22,1.27,1.57,0.04,0.0,1.08,10.25,0.0,47529.84,0
23-03-2020,Market_J,WEEK 39,10860420.0,1014.0,599577,71.3,0.22,0.0,0.24,0.26,1.57,0.0,0.0,0.22,2.59,0.0,47102.07,0
30-03-2020,Market_J,WEEK 40,11082624.0,1007.0,545654,82.3,0.05,0.0,0.05,0.05,1.57,0.0,0.0,0.05,1.77,0.0,46678.15,1
06-04-2020,Market_J,WEEK 41,11207556.0,1008.0,556658,97.79,0.01,0.0,0.01,0.01,0.0,0.0,0.0,0.01,41.02,0.0,46258.05,1
13-04-2020,Market_J,WEEK 42,13604220.0,1006.0,562759,116.33,0.0,0.0,0.0,0.0,0.0,0.0,0.0,0.0,164.21,0.0,45841.73,1
20-04-2020,Market_J,WEEK 43,13798583.0,1005.0,682865,137.01,0.0,0.0,0.0,0.0,0.0,0.0,0.0,0.0,216.23,0.0,45429.15,1
27-04-2020,Market_J,WEEK 44,15419797.0,1007.0,692627,156.07,0.0,0.0,0.0,0.0,0.0,0.0,0.0,0.0,215.17,0.0,45020.29,1
04-05-2020,Market_J,WEEK 45,15038022.0,1009.0,773912,179.64,0.0,0.0,0.0,0.0,0.0,0.0,0.0,0.0,203.39,0.0,44615.11,1
11-05-2020,Market_J,WEEK 46,14909881.0,1007.0,754746,173.68,17.38,0.0,24.21,0.0,0.0,0.0,0.0,17.38,253.97,0.0,44213.57,1
18-05-2020,Market_J,WEEK 47,15053878.0,1006.0,748327,75.54,60.83,0.0,34.37,0.0,0.0,0.0,0.0,60.83,274.51,0.0,43815.65,1
25-05-2020,Market_J,WEEK 48,14347454.0,1009.0,755445,20.28,84.99,0.0,46.91,0.0,391.35,0.0,0.0,84.99,686.47,0.0,43421.31,1
01-06-2020,Market_J,WEEK 49,15013504.0,1010.0,720191,32.87,96.51,0.0,59.31,0.0,46.79,0.0,0.0,96.51,429.44,0.0,43030.52,1
08-06-2020,Market_J,WEEK 50,14348533.0,1011.0,759422,47.48,36.29,0.0,64.48,0.0,788.8,0.0,0.0,36.29,1221.19,0.0,42643.24,1
15-06-2020,Market_J,WEEK 51,13785860.0,1012.0,725816,63.37,68.57,0.0,47.81,0.0,877.25,0.0,0.0,68.57,1245.11,0.0,43194.55,1
22-06-2020,Market_J,WEEK 52,13798469.0,1011.0,698120,78.03,14.65,0.0,46.71,0.0,888.36,0.0,0.0,14.65,1178.72,0.0,43752.98,1
29-06-2020,Market_J,WEEK 1,14700231.0,1011.0,698621,93.32,0.32,0.0,42.59,0.0,637.9,27.15,0.0,0.32,947.73,0.0,44318.64,1
06-07-2020,Market_J,WEEK 2,15296214.0,1009.0,740068,61.89,2.04,0.0,28.56,342.35,459.61,59.78,0.0,2.04,1384.92,0.0,44891.61,1
13-07-2020,Market_J,WEEK 3,14403150.0,1010.0,767738,70.31,48.0,0.0,33.21,342.35,331.67,61.16,0.0,48.0,1239.3,1.5,45471.98,1
20-07-2020,Market_J,WEEK 4,13844569.0,1009.0,722941,41.92,0.0,0.0,34.59,342.35,239.87,63.47,0.0,0.0,1111.72,1.84,46059.86,1
27-07-2020,Market_J,WEEK 5,13971946.0,1010.0,695279,29.14,92.97,0.0,35.63,342.35,174.0,64.59,0.0,92.97,1021.65,1.16,46655.34,1
03-08-2020,Market_J,WEEK 6,14729776.0,1013.0,701588,43.18,2.84,0.0,55.76,342.35,126.73,63.99,0.0,2.84,976.98,1.17,47258.51,1
10-08-2020,Market_J,WEEK 7,13557424.0,1008.0,739469,58.86,16.92,0.0,79.84,342.35,92.81,65.53,0.0,16.92,953.61,1.22,47869.49,1
17-08-2020,Market_J,WEEK 8,13386555.0,1009.0,761920,74.48,10.63,0.0,94.06,342.35,68.47,80.43,0.0,10.63,936.14,1.42,48488.36,1
24-08-2020,Market_J,WEEK 9,12949952.0,1011.0,768998,42.57,29.36,0.0,37.55,602.57,53.64,70.74,0.0,29.36,1378.31,1.53,49115.24,1
31-08-2020,Market_J,WEEK 10,14159306.0,1009.0,761920,19.66,0.0,0.0,13.71,800.32,42.37,63.37,0.0,0.0,1729.15,1.71,49750.22,1
07-09-2020,Market_J,WEEK 11,13617634.0,1009.0,768998,31.93,0.0,0.0,11.99,950.6,33.8,58.48,0.0,0.0,2012.96,2.6,50393.4,1
14-09-2020,Market_J,WEEK 12,13308412.0,1007.0,820891,47.06,0.0,0.0,8.18,1064.82,27.28,82.58,0.0,0.0,2227.61,4.04,51044.91,1
21-09-2020,Market_J,WEEK 13,14388399.0,1009.0,828790,62.47,28.94,0.0,20.84,1151.62,22.33,68.56,0.0,28.94,2432.98,3.99,51704.83,1
28-09-2020,Market_J,WEEK 14,14226204.0,1007.0,784378,78.06,10.56,0.0,71.67,1217.59,18.56,55.28,0.0,10.56,2655.48,61.51,52373.29,1
05-10-2020,Market_J,WEEK 15,14068186.0,1011.0,816579,97.0,14.1,0.0,99.17,1267.73,15.7,43.61,0.0,14.1,2800.27,94.5,53050.39,1
12-10-2020,Market_J,WEEK 16,13867675.0,1007.0,755167,114.86,19.06,0.0,127.21,1305.84,13.52,10.39,0.0,19.06,2924.67,116.82,53736.25,1
19-10-2020,Market_J,WEEK 17,13153326.0,1009.0,738958,132.23,32.62,0.0,114.12,1334.8,2773.25,5.79,0.0,32.62,5863.2,218.36,54430.97,1
26-10-2020,Market_J,WEEK 18,12675944.0,1009.0,852732,151.01,38.2,114.29,246.44,1014.45,2107.97,3.79,0.0,38.2,4679.97,264.15,55134.67,1
02-11-2020,Market_J,WEEK 19,14486276.0,1009.0,812746,170.85,45.06,247.32,322.09,770.99,1602.14,9.57,94.28,45.06,3768.97,249.59,55847.47,1
09-11-2020,Market_J,WEEK 20,13976054.0,1008.0,808613,190.94,284.81,439.58,321.89,585.96,1217.71,206.64,243.32,284.81,3284.12,343.36,56569.49,1
16-11-2020,Market_J,WEEK 21,13976842.0,1009.0,812486,217.44,202.44,354.66,334.75,445.34,925.54,403.65,226.05,202.44,2955.13,282.73,57300.84,1
23-11-2020,Market_J,WEEK 22,13181915.0,1010.0,783233,240.73,305.51,422.57,305.5,338.47,703.48,410.31,325.85,305.51,2641.29,289.14,58041.65,1
30-11-2020,Market_J,WEEK 23,14602770.0,1013.0,831451,271.59,377.6,460.7,274.3,257.24,534.72,231.53,390.09,377.6,2314.81,285.18,58792.03,1
07-12-2020,Market_J,WEEK 24,14523563.0,1016.0,859785,308.1,284.71,351.66,259.83,195.51,406.45,425.34,371.99,284.71,1807.7,233.02,59552.11,1
14-12-2020,Market_J,WEEK 25,15574138.0,1014.0,898111,377.41,357.08,340.77,367.24,148.6,308.97,816.5,376.72,357.08,2281.98,345.88,60322.02,1
21-12-2020,Market_J,WEEK 26,15637850.0,1012.0,966741,525.59,621.86,461.42,465.1,112.94,234.88,853.09,460.56,621.86,2950.62,459.26,61101.89,1
28-12-2020,Market_J,WEEK 27,16674798.0,1012.0,989892,496.52,1015.62,948.18,406.35,85.84,178.57,648.42,603.66,1015.62,2631.47,416.62,61280.82,1
04-01-2021,Market_J,WEEK 28,18047222.0,1018.0,1146362,22.39,772.34,723.3,334.32,65.25,135.77,492.87,458.86,772.34,2207.98,390.54,61460.27,1
11-01-2021,Market_J,WEEK 29,19956788.0,1016.0,1259594,33.23,588.36,550.53,465.84,49.59,103.23,504.02,348.79,588.36,2076.13,389.18,61640.25,1
18-01-2021,Market_J,WEEK 30,19848820.0,1014.0,1240027,54.23,528.28,800.6,743.33,37.7,78.51,434.09,595.75,528.28,2691.91,556.48,61820.75,1
25-01-2021,Market_J,WEEK 31,14089820.0,1015.0,839250,52.32,461.58,810.17,631.8,28.66,59.71,386.81,745.74,461.58,2391.0,567.6,62001.78,1
01-02-2021,Market_J,WEEK 32,14601435.0,1014.0,849155,54.7,386.37,568.08,489.03,21.78,45.42,400.81,754.93,386.37,2019.75,486.14,62183.35,1
08-02-2021,Market_J,WEEK 33,14050196.0,1015.0,829020,77.38,344.38,531.22,464.56,16.56,34.56,333.73,751.64,344.38,1944.76,483.91,62365.44,1
15-02-2021,Market_J,WEEK 34,13534008.0,1016.0,799208,100.06,261.55,404.64,462.6,12.59,26.31,385.41,661.07,261.55,1691.72,444.57,62548.07,1
22-02-2021,Market_J,WEEK 35,19436900.0,1015.0,1247444,122.77,259.55,402.75,587.31,9.58,20.03,393.17,696.94,259.55,1979.55,480.13,62731.23,1
01-03-2021,Market_J,WEEK 36,15576229.0,1016.0,857666,150.33,246.89,403.2,500.57,7.28,15.26,396.36,741.97,246.89,1887.02,488.76,62914.93,1
08-03-2021,Market_J,WEEK 37,15622604.0,1014.0,886415,76.02,226.41,401.58,429.33,5.54,11.63,326.63,770.62,226.41,1745.72,453.9,63099.17,1
15-03-2021,Market_J,WEEK 38,18628891.0,1015.0,985829,98.48,246.13,401.32,370.94,4.21,8.87,293.57,711.6,246.13,1529.18,393.24,63283.95,1
22-03-2021,Market_J,WEEK 39,18017411.0,1015.0,930009,123.42,320.42,532.77,331.66,3.21,6.77,306.1,577.44,320.42,1446.67,385.57,63469.26,1
29-03-2021,Market_J,WEEK 40,16618294.0,1020.0,889903,148.18,301.01,478.94,300.54,2.44,5.17,232.72,487.23,301.01,1329.27,344.07,63655.12,1
05-04-2021,Market_J,WEEK 41,18563197.0,1014.0,1012235,174.95,228.98,364.94,258.27,1.86,3.95,285.82,370.35,228.98,1138.6,322.44,63841.53,1
12-04-2021,Market_J,WEEK 42,17515487.0,1016.0,956046,206.06,227.56,454.77,219.27,1.42,3.03,327.16,375.68,227.56,1212.26,425.16,64028.48,1
19-04-2021,Market_J,WEEK 43,16285771.0,1018.0,951372,240.32,268.85,476.95,257.41,1.08,2.32,354.09,379.73,268.85,1378.95,477.28,64215.98,1
26-04-2021,Market_J,WEEK 44,17231098.0,1018.0,954780,286.51,295.71,486.77,260.94,0.82,1.78,372.84,382.6,295.71,1351.71,465.05,64404.03,1
03-05-2021,Market_J,WEEK 45,16293144.0,1017.0,936988,109.29,307.98,437.71,284.08,0.63,1.37,385.84,330.12,307.98,1321.74,444.52,64592.62,1
10-05-2021,Market_J,WEEK 46,15880766.0,1018.0,939738,130.48,302.12,407.45,260.63,0.48,1.06,419.52,290.17,302.12,1337.74,528.6,64781.77,1
17-05-2021,Market_J,WEEK 47,16097687.0,1022.0,985247,26.91,391.15,462.31,280.3,0.37,0.82,347.97,408.45,391.15,1254.66,400.13,64971.48,1
24-05-2021,Market_J,WEEK 48,15595200.0,1019.0,886801,32.73,351.0,372.63,213.09,0.28,0.64,392.69,476.99,351.0,983.55,306.82,65161.74,1
31-05-2021,Market_J,WEEK 49,15665383.0,1020.0,873076,49.94,318.28,348.99,127.97,0.22,0.5,420.51,532.73,318.28,936.76,267.93,65352.55,1
07-06-2021,Market_J,WEEK 50,14956728.0,1023.0,882110,69.19,315.39,294.81,117.52,0.17,0.39,300.29,571.71,315.39,845.16,181.25,65543.93,1
14-06-2021,Market_J,WEEK 51,14492990.0,1024.0,851482,88.33,115.77,138.27,121.82,0.13,0.3,214.84,410.7,115.77,657.62,143.94,65735.86,1
21-06-2021,Market_J,WEEK 52,14582868.0,1025.0,832940,104.91,86.92,182.57,116.62,0.1,0.24,154.0,295.15,86.92,510.27,116.39,65928.36,1
28-06-2021,Market_J,WEEK 1,14336170.0,1030.0,818003,122.14,54.0,112.66,51.57,0.08,0.19,140.35,212.21,54.0,340.94,97.55,66121.42,1
05-07-2021,Market_J,WEEK 2,14235159.0,1029.0,846930,142.32,70.02,131.1,67.72,0.06,0.15,124.09,152.64,70.02,367.43,137.06,66315.05,1
12-07-2021,Market_J,WEEK 3,14576768.0,1025.0,823810,163.16,80.61,114.51,63.59,0.05,0.12,108.03,109.85,80.61,327.54,123.59,66509.25,1
19-07-2021,Market_J,WEEK 4,13945012.0,1023.0,816516,188.75,81.88,92.62,48.42,0.04,0.09,109.99,79.09,81.88,282.42,114.03,66704.01,1
26-07-2021,Market_J,WEEK 5,13861591.0,1022.0,812439,214.78,88.88,104.18,52.07,0.03,0.07,111.02,60.15,88.88,298.37,127.21,66899.34,1
02-08-2021,Market_J,WEEK 6,14055836.0,1024.0,805677,242.68,89.18,107.81,51.29,0.02,0.06,111.63,45.75,89.18,305.88,136.63,67095.25,1
09-08-2021,Market_J,WEEK 7,13587708.0,1023.0,806020,274.87,105.82,109.53,62.91,0.02,0.05,143.15,34.8,105.82,338.95,159.11,67291.72,1
16-08-2021,Market_J,WEEK 8,14206348.0,1022.0,840233,308.75,104.27,113.15,72.08,0.01,0.04,166.64,26.48,104.27,500.27,280.99,67488.78,1
23-08-2021,Market_J,WEEK 9,14856107.0,1018.0,860153,342.12,128.59,115.62,83.92,0.01,0.03,209.49,20.15,128.59,694.14,440.48,67686.41,1
30-08-2021,Market_J,WEEK 10,14724861.0,1022.0,828858,279.06,121.75,108.34,75.14,0.01,0.02,136.08,15.34,121.75,783.44,496.44,67884.62,1
06-09-2021,Market_J,WEEK 11,14444750.0,1020.0,820544,262.05,91.05,63.96,70.88,0.01,0.02,153.56,11.68,91.05,577.98,369.2,68083.41,1
13-09-2021,Market_J,WEEK 12,14840332.0,1019.0,821407,264.16,98.54,81.62,70.96,0.01,0.01,104.64,8.9,98.54,674.16,448.25,68282.78,1
20-09-2021,Market_J,WEEK 13,15985708.0,1020.0,918537,266.3,60.98,116.02,56.25,0.0,0.0,4.56,2.65,60.98,537.95,376.62,68482.74,1
27-09-2021,Market_J,WEEK 14,9449798.0,1021.0,952892,268.43,6.23,5.25,25.11,0.0,0.0,0.0,0.79,6.23,96.79,66.97,68683.28,1
